Year,Mileage_Km,Engine_CC,Power_BHP,Fuel_Type,Transmission,Condition,Previous_Owners,Accidents_Reported,Service_Score,Brand_Hyundai,Brand_Kia,Brand_Mahindra,Brand_Maruti,Brand_Renault,Brand_Skoda,Brand_Tata,Brand_Toyota,Brand_Volkswagen,City_Bengaluru,City_Chandigarh,City_Delhi,City_Hyderabad,City_Jaipur,City_Kochi,City_Lucknow,City_Mumbai,City_Pune,Seller_Type_Dealer,Seller_Type_Individual,Resale_Price_Lakh
-0.4863912137411916,-0.2281305204373377,-0.3183672542917424,0.274162288067628,-1.1132640125448696,0.7745966692414834,0.6759029276646698,-0.7343793195893167,-0.4426341938318415,-0.4541049754055279,-0.31418536941100766,-0.291111254869791,-0.3362193900727166,-0.32897584747988445,-0.3779644730092272,-0.37118429085533483,-0.31418536941100766,-0.343371417172432,3.1091263510296048,-0.3846843677357699,-0.30662207033593325,-0.3643396256679452,-0.35043832202523123,-0.291111254869791,-0.291111254869791,2.43288284118223,-0.26670153189093365,-0.2989342772712082,-0.6988362419217079,-1.039856150151611,4.26
0.7254448029765217,0.07414767753074859,-0.6136833702322168,-0.3231620579444502,-1.1132640125448696,-1.2909944487358056,-0.34192736340683294,-0.7343793195893167,1.477948070930047,-0.6146724805212946,-0.31418536941100766,-0.291111254869791,2.9742484506432625,-0.32897584747988445,-0.3779644730092272,-0.37118429085533483,-0.31418536941100766,-0.343371417172432,-0.3216337604513384,-0.3846843677357699,-0.30662207033593325,2.7446918466985206,-0.35043832202523123,-0.291111254869791,-0.291111254869791,-0.4110350005650343,-0.26670153189093365,-0.2989342772712082,1.4309504001254019,-1.039856150151611,5.3
-1.3952682262794767,1.0583268991022943,-0.13920881062118798,0.3835731831292458,0.793060985525275,0.7745966692414834,-0.34192736340683294,-0.7343793195893167,-0.4426341938318415,-0.5343887279634113,-0.31418536941100766,-0.291111254869791,-0.3362193900727166,-0.32897584747988445,2.6457513110645903,-0.37118429085533483,-0.31418536941100766,-0.343371417172432,-0.3216337604513384,-0.3846843677357699,-0.30662207033593325,-0.3643396256679452,-0.35043832202523123,-0.291111254869791,3.435112807463534,-0.4110350005650343,-0.26670153189093365,-0.2989342772712082,-0.6988362419217079,0.9616714772078809,1.23
1.02840380715595,-0.19859105156650983,0.3923601980716658,0.377659080693483,-1.1132640125448696,0.7745966692414834,-0.34192736340683294,0.43332941218003157,-0.4426341938318415,0.18816504505753917,-0.31418536941100766,-0.291111254869791,2.9742484506432625,-0.32897584747988445,-0.3779644730092272,-0.37118429085533483,-0.31418536941100766,-0.343371417172432,-0.3216337604513384,-0.3846843677357699,-0.30662207033593325,-0.3643396256679452,-0.35043832202523123,-0.291111254869791,-0.291111254869791,-0.4110350005650343,-0.26670153189093365,3.3452169123206628,1.4309504001254019,-1.039856150151611,7.09
-1.0923092221000483,0.6660481725837316,0.6640510247369021,-0.4237017993524238,0.793060985525275,-1.2909944487358056,0.6759029276646698,0.43332941218003157,-0.4426341938318415,0.10788129249965579,-0.31418536941100766,-0.291111254869791,-0.3362193900727166,-0.32897584747988445,-0.3779644730092272,-0.37118429085533483,-0.31418536941100766,2.9122983160180347,-0.3216337604513384,-0.3846843677357699,-0.30662207033593325,2.7446918466985206,-0.35043832202523123,-0.291111254869791,-0.291111254869791,-0.4110350005650343,-0.26670153189093365,-0.2989342772712082,-0.6988362419217079,0.9616714772078809,2.69
1.3313628113353784,-0.56707560040747,-0.1884281632779337,-1.1481793477334086,-1.1132640125448696,0.7745966692414834,-2.3775879455498385,0.43332941218003157,-0.4426341938318415,1.5529888385415567,-0.31418536941100766,-0.291111254869791,-0.3362193900727166,-0.32897584747988445,2.6457513110645903,-0.37118429085533483,-0.31418536941100766,-0.343371417172432,-0.3216337604513384,-0.3846843677357699,-0.30662207033593325,-0.3643396256679452,-0.35043832202523123,-0.291111254869791,-0.291111254869791,2.43288284118223,-0.26670153189093365,-0.2989342772712082,-0.6988362419217079,-1.039856150151611,5.71
0.7254448029765217,0.10637008898709202,-1.3007855333203868,-1.7957735644494732,0.793060985525275,0.7745966692414834,0.6759029276646698,-0.7343793195893167,-0.4426341938318415,0.5093000552890727,-0.31418536941100766,-0.291111254869791,-0.3362193900727166,-0.32897584747988445,2.6457513110645903,-0.37118429085533483,-0.31418536941100766,-0.343371417172432,-0.3216337604513384,-0.3846843677357699,-0.30662207033593325,-0.3643396256679452,2.853569193634026,-0.291111254869791,-0.291111254869791,-0.4110350005650343,-0.26670153189093365,-0.2989342772712082,-0.6988362419217079,0.9616714772078809,5.02
0.7254448029765217,-0.25181629639431347,0.5360807078293632,-0.7608056381909228,-1.1132640125448696,0.7745966692414834,1.6937332187361724,-0.7343793195893167,-0.4426341938318415,-0.8555237381949448,-0.31418536941100766,-0.291111254869791,-0.3362193900727166,3.0397368307141326,-0.3779644730092272,-0.37118429085533483,-0.31418536941100766,-0.343371417172432,-0.3216337604513384,-0.3846843677357699,3.261343839027654,-0.3643396256679452,-0.35043832202523123,-0.291111254869791,-0.291111254869791,-0.4110350005650343,-0.26670153189093365,-0.2989342772712082,-0.6988362419217079,0.9616714772078809,6.0
0.4224857987970934,-0.7336077437205316,0.07538756696222335,-0.22853641897223936,0.793060985525275,0.7745966692414834,-0.34192736340683294,-0.7343793195893167,-0.4426341938318415,0.7501513129627229,-0.31418536941100766,3.435112807463534,-0.3362193900727166,-0.32897584747988445,-0.3779644730092272,-0.37118429085533483,-0.31418536941100766,-0.343371417172432,-0.3216337604513384,-0.3846843677357699,-0.30662207033593325,-0.3643396256679452,2.853569193634026,-0.291111254869791,-0.291111254869791,-0.4110350005650343,-0.26670153189093365,-0.2989342772712082,1.4309504001254019,-1.039856150151611,5.27
0.7254448029765217,-1.2462123801349436,-1.3578799824022119,-0.7401062796657517,0.793060985525275,-1.2909944487358056,0.6759029276646698,0.43332941218003157,3.3985303356919356,1.39242133342579,-0.31418536941100766,-0.291111254869791,-0.3362193900727166,-0.32897584747988445,-0.3779644730092272,2.6940795304016234,-0.31418536941100766,-0.343371417172432,-0.3216337604513384,-0.3846843677357699,-0.30662207033593325,-0.3643396256679452,-0.35043832202523123,-0.291111254869791,-0.291111254869791,-0.4110350005650343,-0.26670153189093365,3.3452169123206628,-0.6988362419217079,0.9616714772078809,5.77
0.4224857987970934,-0.8262641144263669,0.6227067685052358,0.35104561973254866,-1.1132640125448696,0.7745966692414834,0.6759029276646698,-0.7343793195893167,-0.4426341938318415,0.42901630273118935,-0.31418536941100766,-0.291111254869791,-0.3362193900727166,-0.32897584747988445,-0.3779644730092272,-0.37118429085533483,3.182834394468034,-0.343371417172432,-0.3216337604513384,-0.3846843677357699,-0.30662207033593325,-0.3643396256679452,-0.35043832202523123,-0.291111254869791,-0.291111254869791,-0.4110350005650343,-0.26670153189093365,-0.2989342772712082,1.4309504001254019,-1.039856150151611,6.56
1.6343218155148067,4.225045935670973,4.273475010414539,-1.9377120229077887,0.793060985525275,-1.2909944487358056,1.6937332187361724,0.43332941218003157,3.3985303356919356,1.39242133342579,-0.31418536941100766,-0.291111254869791,-0.3362193900727166,-0.32897584747988445,-0.3779644730092272,-0.37118429085533483,-0.31418536941100766,-0.343371417172432,3.1091263510296048,-0.3846843677357699,-0.30662207033593325,-0.3643396256679452,-0.35043832202523123,-0.291111254869791,-0.291111254869791,2.43288284118223,-0.26670153189093365,-0.2989342772712082,-0.6988362419217079,-1.039856150151611,15.0
1.6343218155148067,-1.3704949528336745,0.35692226415880884,0.377659080693483,0.793060985525275,0.7745966692414834,1.6937332187361724,-0.7343793195893167,-0.4426341938318415,0.42901630273118935,-0.31418536941100766,-0.291111254869791,-0.3362193900727166,-0.32897584747988445,-0.3779644730092272,2.6940795304016234,-0.31418536941100766,-0.343371417172432,-0.3216337604513384,-0.3846843677357699,-0.30662207033593325,-0.3643396256679452,-0.35043832202523123,-0.291111254869791,-0.291111254869791,2.43288284118223,-0.26670153189093365,-0.2989342772712082,-0.6988362419217079,0.9616714772078809,9.83
-1.698227230458905,0.6929317992992007,-0.7967793621153108,-1.0860812721578958,0.793060985525275,-1.2909944487358056,0.6759029276646698,1.60103814394938,-0.4426341938318415,-1.0160912433107117,-0.31418536941100766,-0.291111254869791,-0.3362193900727166,-0.32897584747988445,-0.3779644730092272,2.6940795304016234,-0.31418536941100766,-0.343371417172432,-0.3216337604513384,-0.3846843677357699,-0.30662207033593325,-0.3643396256679452,-0.35043832202523123,-0.291111254869791,-0.291111254869791,2.43288284118223,-0.26670153189093365,-0.2989342772712082,-0.6988362419217079,0.9616714772078809,1.2
1.02840380715595,-1.3373782271821593,0.9258979808707893,0.7620757390180875,-1.1132640125448696,0.7745966692414834,1.6937332187361724,-0.7343793195893167,-0.4426341938318415,-0.5343887279634113,-0.31418536941100766,-0.291111254869791,-0.3362193900727166,-0.32897584747988445,-0.3779644730092272,-0.37118429085533483,-0.31418536941100766,-0.343371417172432,3.1091263510296048,-0.3846843677357699,-0.30662207033593325,-0.3643396256679452,2.853569193634026,-0.291111254869791,-0.291111254869791,-0.4110350005650343,-0.26670153189093365,-0.2989342772712082,1.4309504001254019,-1.039856150151611,8.84
0.11952679461766508,-0.8329037198147641,-0.11361474723968021,0.4486283099226401,0.793060985525275,0.7745966692414834,-0.34192736340683294,2.7687468757187284,-0.4426341938318415,-1.738645016331662,-0.31418536941100766,3.435112807463534,-0.3362193900727166,-0.32897584747988445,-0.3779644730092272,-0.37118429085533483,-0.31418536941100766,-0.343371417172432,-0.3216337604513384,-0.3846843677357699,-0.30662207033593325,-0.3643396256679452,-0.35043832202523123,-0.291111254869791,-0.291111254869791,-0.4110350005650343,3.7495097718784205,-0.2989342772712082,-0.6988362419217079,-1.039856150151611,4.44
0.4224857987970934,-1.2883806494588044,-0.08211436153936295,0.3747020294756008,0.793060985525275,0.7745966692414834,1.6937332187361724,1.60103814394938,-0.4426341938318415,-0.9358074907528282,-0.31418536941100766,-0.291111254869791,-0.3362193900727166,-0.32897584747988445,-0.3779644730092272,2.6940795304016234,-0.31418536941100766,-0.343371417172432,-0.3216337604513384,-0.3846843677357699,-0.30662207033593325,-0.3643396256679452,-0.35043832202523123,-0.291111254869791,-0.291111254869791,-0.4110350005650343,-0.26670153189093365,3.3452169123206628,-0.6988362419217079,0.9616714772078809,7.39
1.3313628113353784,-1.5881114069921587,0.7585521818378539,0.1884078027490622,-1.1132640125448696,-1.2909944487358056,-0.34192736340683294,1.60103814394938,-0.4426341938318415,0.26844879761542256,-0.31418536941100766,-0.291111254869791,-0.3362193900727166,-0.32897584747988445,-0.3779644730092272,-0.37118429085533483,3.182834394468034,-0.343371417172432,-0.3216337604513384,-0.3846843677357699,-0.30662207033593325,-0.3643396256679452,-0.35043832202523123,-0.291111254869791,3.435112807463534,-0.4110350005650343,-0.26670153189093365,-0.2989342772712082,-0.6988362419217079,0.9616714772078809,7.97
-0.4863912137411916,0.4493802334807327,0.008449247349049172,0.8153026609399552,-1.1132640125448696,-1.2909944487358056,-0.34192736340683294,-0.7343793195893167,1.477948070930047,-1.6583612637737786,-0.31418536941100766,-0.291111254869791,-0.3362193900727166,-0.32897584747988445,-0.3779644730092272,-0.37118429085533483,-0.31418536941100766,2.9122983160180347,-0.3216337604513384,-0.3846843677357699,-0.30662207033593325,-0.3643396256679452,-0.35043832202523123,-0.291111254869791,-0.291111254869791,-0.4110350005650343,-0.26670153189093365,3.3452169123206628,-0.6988362419217079,0.9616714772078809,1.72
0.11952679461766508,-0.8521450252260373,0.6620822506306323,1.8739269969415586,0.793060985525275,0.7745966692414834,1.6937332187361724,-0.7343793195893167,-0.4426341938318415,-0.9358074907528282,3.182834394468034,-0.291111254869791,-0.3362193900727166,-0.32897584747988445,-0.3779644730092272,-0.37118429085533483,-0.31418536941100766,-0.343371417172432,-0.3216337604513384,2.599533757729597,-0.30662207033593325,-0.3643396256679452,-0.35043832202523123,-0.291111254869791,-0.291111254869791,-0.4110350005650343,-0.26670153189093365,-0.2989342772712082,-0.6988362419217079,0.9616714772078809,5.84
-1.0923092221000483,0.7667804714762704,-0.357742736417139,-0.10434026782121365,0.793060985525275,0.7745966692414834,-0.34192736340683294,-0.7343793195893167,1.477948070930047,-1.1766587484264783,-0.31418536941100766,3.435112807463534,-0.3362193900727166,-0.32897584747988445,-0.3779644730092272,-0.37118429085533483,-0.31418536941100766,-0.343371417172432,-0.3216337604513384,2.599533757729597,-0.30662207033593325,-0.3643396256679452,-0.35043832202523123,-0.291111254869791,-0.291111254869791,-0.4110350005650343,-0.26670153189093365,-0.2989342772712082,-0.6988362419217079,0.9616714772078809,1.2
-0.7893502179206199,0.2294060418986136,-0.35380518820459933,-0.13391078000002937,-0.16010151350979732,-1.2909944487358056,0.6759029276646698,-0.7343793195893167,-0.4426341938318415,1.1515700757521399,3.182834394468034,-0.291111254869791,-0.3362193900727166,-0.32897584747988445,-0.3779644730092272,-0.37118429085533483,-0.31418536941100766,-0.343371417172432,-0.3216337604513384,2.599533757729597,-0.30662207033593325,-0.3643396256679452,-0.35043832202523123,-0.291111254869791,-0.291111254869791,-0.4110350005650343,-0.26670153189093365,-0.2989342772712082,1.4309504001254019,-1.039856150151611,4.35
1.02840380715595,-1.0882439727514064,0.3057341373957933,-0.6454806406935417,-1.1132640125448696,0.7745966692414834,-0.34192736340683294,1.60103814394938,-0.4426341938318415,0.027597539941772414,-0.31418536941100766,-0.291111254869791,-0.3362193900727166,-0.32897584747988445,-0.3779644730092272,-0.37118429085533483,3.182834394468034,-0.343371417172432,-0.3216337604513384,2.599533757729597,-0.30662207033593325,-0.3643396256679452,-0.35043832202523123,-0.291111254869791,-0.291111254869791,-0.4110350005650343,-0.26670153189093365,-0.2989342772712082,-0.6988362419217079,-1.039856150151611,6.85
-0.18343220956176326,0.5164266976884649,-1.4051305609526878,-0.5390267968498045,0.793060985525275,0.7745966692414834,0.6759029276646698,0.43332941218003157,-0.4426341938318415,0.18816504505753917,-0.31418536941100766,-0.291111254869791,-0.3362193900727166,-0.32897584747988445,-0.3779644730092272,-0.37118429085533483,3.182834394468034,-0.343371417172432,-0.3216337604513384,-0.3846843677357699,-0.30662207033593325,-0.3643396256679452,2.853569193634026,-0.291111254869791,-0.291111254869791,-0.4110350005650343,-0.26670153189093365,-0.2989342772712082,-0.6988362419217079,0.9616714772078809,2.65
-1.698227230458905,0.9626081797887494,0.4041728427092847,0.43975715626899586,-1.1132640125448696,-1.2909944487358056,-0.34192736340683294,-0.7343793195893167,-0.4426341938318415,-0.4541049754055279,-0.31418536941100766,-0.291111254869791,-0.3362193900727166,3.0397368307141326,-0.3779644730092272,-0.37118429085533483,-0.31418536941100766,-0.343371417172432,-0.3216337604513384,-0.3846843677357699,-0.30662207033593325,-0.3643396256679452,2.853569193634026,-0.291111254869791,-0.291111254869791,-0.4110350005650343,-0.26670153189093365,-0.2989342772712082,-0.6988362419217079,0.9616714772078809,1.2
1.3313628113353784,-1.399194308369644,-1.4760064287784016,-0.06885565320663511,-0.16010151350979732,0.7745966692414834,-1.3597576544783356,-0.7343793195893167,-0.4426341938318415,-0.2935374702897611,-0.31418536941100766,-0.291111254869791,-0.3362193900727166,-0.32897584747988445,-0.3779644730092272,-0.37118429085533483,-0.31418536941100766,-0.343371417172432,3.1091263510296048,-0.3846843677357699,-0.30662207033593325,-0.3643396256679452,-0.35043832202523123,-0.291111254869791,-0.291111254869791,2.43288284118223,-0.26670153189093365,-0.2989342772712082,-0.6988362419217079,0.9616714772078809,8.89
1.3313628113353784,-0.8516030166229028,-0.7495287835648349,-1.2457620379235004,0.793060985525275,-1.2909944487358056,0.6759029276646698,1.60103814394938,1.477948070930047,-1.5780775112158953,-0.31418536941100766,-0.291111254869791,2.9742484506432625,-0.32897584747988445,-0.3779644730092272,-0.37118429085533483,-0.31418536941100766,-0.343371417172432,-0.3216337604513384,-0.3846843677357699,-0.30662207033593325,-0.3643396256679452,-0.35043832202523123,-0.291111254869791,3.435112807463534,-0.4110350005650343,-0.26670153189093365,-0.2989342772712082,-0.6988362419217079,0.9616714772078809,7.43
-0.18343220956176326,0.18208869084497556,-0.8144983290717392,-1.5562524158010655,0.793060985525275,0.7745966692414834,-0.34192736340683294,0.43332941218003157,-0.4426341938318415,0.42901630273118935,-0.31418536941100766,-0.291111254869791,-0.3362193900727166,3.0397368307141326,-0.3779644730092272,-0.37118429085533483,-0.31418536941100766,-0.343371417172432,-0.3216337604513384,2.599533757729597,-0.30662207033593325,-0.3643396256679452,-0.35043832202523123,-0.291111254869791,-0.291111254869791,-0.4110350005650343,-0.26670153189093365,-0.2989342772712082,-0.6988362419217079,0.9616714772078809,2.62
1.3313628113353784,-1.1856158183045116,1.114900295072693,0.31851805633585156,-0.16010151350979732,-1.2909944487358056,1.6937332187361724,0.43332941218003157,-0.4426341938318415,0.10788129249965579,-0.31418536941100766,-0.291111254869791,-0.3362193900727166,3.0397368307141326,-0.3779644730092272,-0.37118429085533483,-0.31418536941100766,-0.343371417172432,-0.3216337604513384,-0.3846843677357699,3.261343839027654,-0.3643396256679452,-0.35043832202523123,-0.291111254869791,-0.291111254869791,-0.4110350005650343,-0.26670153189093365,-0.2989342772712082,-0.6988362419217079,0.9616714772078809,8.81
-0.18343220956176326,0.5329308596539092,-0.47980673100586835,-2.1092209935449198,-2.0664265115799423,0.7745966692414834,-0.34192736340683294,0.43332941218003157,-0.4426341938318415,-1.1766587484264783,-0.31418536941100766,-0.291111254869791,-0.3362193900727166,3.0397368307141326,-0.3779644730092272,-0.37118429085533483,-0.31418536941100766,-0.343371417172432,-0.3216337604513384,-0.3846843677357699,-0.30662207033593325,-0.3643396256679452,-0.35043832202523123,3.435112807463534,-0.291111254869791,-0.4110350005650343,-0.26670153189093365,-0.2989342772712082,1.4309504001254019,-1.039856150151611,1.42
0.4224857987970934,-0.7250440077910073,-0.013207267819918945,-0.4651005164027652,-1.1132640125448696,-1.2909944487358056,-0.34192736340683294,-0.7343793195893167,-0.4426341938318415,-1.738645016331662,-0.31418536941100766,3.435112807463534,-0.3362193900727166,-0.32897584747988445,-0.3779644730092272,-0.37118429085533483,-0.31418536941100766,-0.343371417172432,-0.3216337604513384,-0.3846843677357699,-0.30662207033593325,-0.3643396256679452,2.853569193634026,-0.291111254869791,-0.291111254869791,-0.4110350005650343,-0.26670153189093365,-0.2989342772712082,-0.6988362419217079,0.9616714772078809,4.93
-0.7893502179206199,1.1721758061906868,1.1188378432852326,-0.7016646138332914,0.793060985525275,-1.2909944487358056,-0.34192736340683294,-0.7343793195893167,-0.4426341938318415,-1.2569425009843618,-0.31418536941100766,-0.291111254869791,-0.3362193900727166,-0.32897584747988445,-0.3779644730092272,-0.37118429085533483,-0.31418536941100766,2.9122983160180347,-0.3216337604513384,2.599533757729597,-0.30662207033593325,-0.3643396256679452,-0.35043832202523123,-0.291111254869791,-0.291111254869791,-0.4110350005650343,-0.26670153189093365,-0.2989342772712082,1.4309504001254019,-1.039856150151611,2.17
-1.0923092221000483,0.9784619314304323,0.872741080001504,-0.7075787162690547,-1.1132640125448696,0.7745966692414834,0.6759029276646698,0.43332941218003157,-0.4426341938318415,-0.6949562330791781,-0.31418536941100766,-0.291111254869791,-0.3362193900727166,-0.32897584747988445,-0.3779644730092272,-0.37118429085533483,3.182834394468034,-0.343371417172432,-0.3216337604513384,-0.3846843677357699,-0.30662207033593325,-0.3643396256679452,-0.35043832202523123,-0.291111254869791,-0.291111254869791,-0.4110350005650343,-0.26670153189093365,-0.2989342772712082,-0.6988362419217079,0.9616714772078809,1.34
1.6343218155148067,-1.090249404583004,0.7368956666688858,0.7443334317107974,-0.16010151350979732,0.7745966692414834,-0.34192736340683294,2.7687468757187284,-0.4426341938318415,-1.0963749958685949,-0.31418536941100766,-0.291111254869791,-0.3362193900727166,-0.32897584747988445,-0.3779644730092272,2.6940795304016234,-0.31418536941100766,-0.343371417172432,-0.3216337604513384,-0.3846843677357699,-0.30662207033593325,-0.3643396256679452,-0.35043832202523123,-0.291111254869791,-0.291111254869791,2.43288284118223,-0.26670153189093365,-0.2989342772712082,1.4309504001254019,-1.039856150151611,8.55
0.4224857987970934,-0.5747721225719792,-1.4760064287784016,-0.6809652553081202,0.793060985525275,-1.2909944487358056,0.6759029276646698,0.43332941218003157,-0.4426341938318415,-1.2569425009843618,-0.31418536941100766,-0.291111254869791,-0.3362193900727166,-0.32897584747988445,-0.3779644730092272,2.6940795304016234,-0.31418536941100766,-0.343371417172432,-0.3216337604513384,-0.3846843677357699,3.261343839027654,-0.3643396256679452,-0.35043832202523123,-0.291111254869791,-0.291111254869791,-0.4110350005650343,-0.26670153189093365,-0.2989342772712082,1.4309504001254019,-1.039856150151611,3.87
-1.0923092221000483,1.0659692204064901,-0.5959644032757883,2.1282334016793736,0.793060985525275,-1.2909944487358056,-0.34192736340683294,-0.7343793195893167,-0.4426341938318415,0.10788129249965579,3.182834394468034,-0.291111254869791,-0.3362193900727166,-0.32897584747988445,-0.3779644730092272,-0.37118429085533483,-0.31418536941100766,-0.343371417172432,-0.3216337604513384,-0.3846843677357699,-0.30662207033593325,-0.3643396256679452,-0.35043832202523123,-0.291111254869791,-0.291111254869791,-0.4110350005650343,-0.26670153189093365,3.3452169123206628,1.4309504001254019,-1.039856150151611,2.77
-1.698227230458905,2.1086582706864005,-0.32230480250428206,-0.550855001721331,0.793060985525275,-1.2909944487358056,-1.3597576544783356,0.43332941218003157,-0.4426341938318415,1.39242133342579,-0.31418536941100766,-0.291111254869791,2.9742484506432625,-0.32897584747988445,-0.3779644730092272,-0.37118429085533483,-0.31418536941100766,-0.343371417172432,-0.3216337604513384,-0.3846843677357699,-0.30662207033593325,-0.3643396256679452,-0.35043832202523123,-0.291111254869791,-0.291111254869791,2.43288284118223,-0.26670153189093365,-0.2989342772712082,1.4309504001254019,-1.039856150151611,1.2
-0.4863912137411916,0.7766450280533175,0.5853000604861089,0.2623340831961015,0.793060985525275,0.7745966692414834,-0.34192736340683294,-0.7343793195893167,-0.4426341938318415,0.34873255017330596,-0.31418536941100766,-0.291111254869791,-0.3362193900727166,3.0397368307141326,-0.3779644730092272,-0.37118429085533483,-0.31418536941100766,-0.343371417172432,-0.3216337604513384,-0.3846843677357699,-0.30662207033593325,-0.3643396256679452,-0.35043832202523123,-0.291111254869791,-0.291111254869791,-0.4110350005650343,-0.26670153189093365,3.3452169123206628,1.4309504001254019,-1.039856150151611,2.96
-1.698227230458905,1.3433150226303916,0.1679199499569053,0.6674501000458766,0.793060985525275,0.7745966692414834,-0.34192736340683294,-0.7343793195893167,-0.4426341938318415,-1.0963749958685949,-0.31418536941100766,-0.291111254869791,-0.3362193900727166,-0.32897584747988445,-0.3779644730092272,-0.37118429085533483,-0.31418536941100766,-0.343371417172432,-0.3216337604513384,-0.3846843677357699,-0.30662207033593325,-0.3643396256679452,-0.35043832202523123,-0.291111254869791,3.435112807463534,-0.4110350005650343,-0.26670153189093365,-0.2989342772712082,1.4309504001254019,-1.039856150151611,1.2
0.7254448029765217,-1.081252061770972,-0.45815021583690024,0.3894872855650086,-1.1132640125448696,0.7745966692414834,0.6759029276646698,2.7687468757187284,3.3985303356919356,-1.738645016331662,-0.31418536941100766,-0.291111254869791,-0.3362193900727166,3.0397368307141326,-0.3779644730092272,-0.37118429085533483,-0.31418536941100766,-0.343371417172432,-0.3216337604513384,-0.3846843677357699,-0.30662207033593325,-0.3643396256679452,-0.35043832202523123,-0.291111254869791,-0.291111254869791,2.43288284118223,-0.26670153189093365,-0.2989342772712082,1.4309504001254019,-1.039856150151611,5.7
1.6343218155148067,-1.7002800874108346,-1.4760064287784016,-0.5153703871067524,-1.1132640125448696,0.7745966692414834,0.6759029276646698,1.60103814394938,-0.4426341938318415,0.5895838078469561,-0.31418536941100766,-0.291111254869791,-0.3362193900727166,-0.32897584747988445,-0.3779644730092272,-0.37118429085533483,-0.31418536941100766,-0.343371417172432,-0.3216337604513384,-0.3846843677357699,-0.30662207033593325,-0.3643396256679452,-0.35043832202523123,-0.291111254869791,-0.291111254869791,-0.4110350005650343,-0.26670153189093365,3.3452169123206628,-0.6988362419217079,-1.039856150151611,9.72
1.6343218155148067,-1.3038007942179797,0.6719261211619815,-0.07476975564239793,-1.1132640125448696,0.7745966692414834,0.6759029276646698,-0.7343793195893167,-0.4426341938318415,1.3121375808679065,-0.31418536941100766,-0.291111254869791,-0.3362193900727166,-0.32897584747988445,2.6457513110645903,-0.37118429085533483,-0.31418536941100766,-0.343371417172432,-0.3216337604513384,-0.3846843677357699,-0.30662207033593325,-0.3643396256679452,-0.35043832202523123,-0.291111254869791,-0.291111254869791,2.43288284118223,-0.26670153189093365,-0.2989342772712082,-0.6988362419217079,0.9616714772078809,9.06
-0.4863912137411916,0.0290254613198051,0.3175467820334123,1.2470321387506647,-1.1132640125448696,0.7745966692414834,1.6937332187361724,-0.7343793195893167,1.477948070930047,0.26844879761542256,-0.31418536941100766,-0.291111254869791,-0.3362193900727166,-0.32897584747988445,-0.3779644730092272,-0.37118429085533483,-0.31418536941100766,-0.343371417172432,3.1091263510296048,-0.3846843677357699,-0.30662207033593325,2.7446918466985206,-0.35043832202523123,-0.291111254869791,-0.291111254869791,-0.4110350005650343,-0.26670153189093365,-0.2989342772712082,-0.6988362419217079,0.9616714772078809,5.34
-0.18343220956176326,-1.0109264455142761,0.5853000604861089,-0.6129530772968438,-1.1132640125448696,0.7745966692414834,-2.3775879455498385,-0.7343793195893167,-0.4426341938318415,0.7501513129627229,-0.31418536941100766,3.435112807463534,-0.3362193900727166,-0.32897584747988445,-0.3779644730092272,-0.37118429085533483,-0.31418536941100766,-0.343371417172432,-0.3216337604513384,-0.3846843677357699,-0.30662207033593325,-0.3643396256679452,2.853569193634026,-0.291111254869791,-0.291111254869791,-0.4110350005650343,-0.26670153189093365,-0.2989342772712082,1.4309504001254019,-1.039856150151611,4.6
-1.698227230458905,1.1456444850672554,-0.7101533014394383,-0.39413128717360807,-1.1132640125448696,0.7745966692414834,-0.34192736340683294,1.60103814394938,-0.4426341938318415,-1.2569425009843618,-0.31418536941100766,-0.291111254869791,-0.3362193900727166,-0.32897584747988445,-0.3779644730092272,-0.37118429085533483,-0.31418536941100766,-0.343371417172432,3.1091263510296048,-0.3846843677357699,-0.30662207033593325,2.7446918466985206,-0.35043832202523123,-0.291111254869791,-0.291111254869791,-0.4110350005650343,-0.26670153189093365,-0.2989342772712082,1.4309504001254019,-1.039856150151611,1.2
0.11952679461766508,-1.0568887750600782,-1.1826590869441973,-0.40891654326301596,0.793060985525275,0.7745966692414834,-0.34192736340683294,-0.7343793195893167,-0.4426341938318415,0.5093000552890727,-0.31418536941100766,-0.291111254869791,-0.3362193900727166,-0.32897584747988445,-0.3779644730092272,-0.37118429085533483,3.182834394468034,-0.343371417172432,-0.3216337604513384,-0.3846843677357699,-0.30662207033593325,-0.3643396256679452,-0.35043832202523123,-0.291111254869791,-0.291111254869791,-0.4110350005650343,-0.26670153189093365,3.3452169123206628,1.4309504001254019,-1.039856150151611,4.28
-1.3952682262794767,1.87505256273545,-0.9483749682980875,-0.7046216650511727,0.793060985525275,-1.2909944487358056,1.6937332187361724,1.60103814394938,-0.4426341938318415,-0.21325371773187773,-0.31418536941100766,-0.291111254869791,-0.3362193900727166,-0.32897584747988445,-0.3779644730092272,-0.37118429085533483,-0.31418536941100766,2.9122983160180347,-0.3216337604513384,-0.3846843677357699,-0.30662207033593325,-0.3643396256679452,-0.35043832202523123,-0.291111254869791,3.435112807463534,-0.4110350005650343,-0.26670153189093365,-0.2989342772712082,1.4309504001254019,-1.039856150151611,2.22
-0.4863912137411916,1.0621209593242356,-1.0310634807614203,-0.43553000422394944,0.793060985525275,-1.2909944487358056,-1.3597576544783356,0.43332941218003157,-0.4426341938318415,1.6332725910994401,-0.31418536941100766,-0.291111254869791,-0.3362193900727166,-0.32897584747988445,-0.3779644730092272,2.6940795304016234,-0.31418536941100766,-0.343371417172432,-0.3216337604513384,-0.3846843677357699,-0.30662207033593325,-0.3643396256679452,-0.35043832202523123,3.435112807463534,-0.291111254869791,-0.4110350005650343,-0.26670153189093365,-0.2989342772712082,-0.6988362419217079,-1.039856150151611,2.66
1.3313628113353784,-1.2932316264568577,1.138525584347931,0.5609962562021401,-1.1132640125448696,0.7745966692414834,0.6759029276646698,-0.7343793195893167,-0.4426341938318415,0.10788129249965579,-0.31418536941100766,-0.291111254869791,-0.3362193900727166,-0.32897584747988445,-0.3779644730092272,-0.37118429085533483,-0.31418536941100766,-0.343371417172432,3.1091263510296048,-0.3846843677357699,-0.30662207033593325,-0.3643396256679452,-0.35043832202523123,-0.291111254869791,-0.291111254869791,-0.4110350005650343,3.7495097718784205,-0.2989342772712082,-0.6988362419217079,0.9616714772078809,10.11
0.4224857987970934,0.27555807445551256,0.7723336005817427,-0.0422421922457008,-1.1132640125448696,0.7745966692414834,0.6759029276646698,-0.7343793195893167,-0.4426341938318415,0.10788129249965579,-0.31418536941100766,-0.291111254869791,2.9742484506432625,-0.32897584747988445,-0.3779644730092272,-0.37118429085533483,-0.31418536941100766,-0.343371417172432,-0.3216337604513384,-0.3846843677357699,3.261343839027654,-0.3643396256679452,-0.35043832202523123,-0.291111254869791,-0.291111254869791,-0.4110350005650343,-0.26670153189093365,-0.2989342772712082,-0.6988362419217079,-1.039856150151611,5.93
-0.4863912137411916,0.001410122990104553,-0.19039693738420352,1.2381609850970203,-1.1132640125448696,0.7745966692414834,-2.3775879455498385,-0.7343793195893167,1.477948070930047,-0.5343887279634113,-0.31418536941100766,-0.291111254869791,-0.3362193900727166,-0.32897584747988445,-0.3779644730092272,-0.37118429085533483,-0.31418536941100766,2.9122983160180347,-0.3216337604513384,-0.3846843677357699,-0.30662207033593325,-0.3643396256679452,-0.35043832202523123,-0.291111254869791,-0.291111254869791,2.43288284118223,-0.26670153189093365,-0.2989342772712082,-0.6988362419217079,0.9616714772078809,2.96
-0.4863912137411916,0.06306360159664896,0.9967738486965032,-0.37934603108420023,-1.1132640125448696,-1.2909944487358056,-0.34192736340683294,0.43332941218003157,-0.4426341938318415,-1.738645016331662,-0.31418536941100766,-0.291111254869791,-0.3362193900727166,-0.32897584747988445,-0.3779644730092272,-0.37118429085533483,-0.31418536941100766,2.9122983160180347,-0.3216337604513384,-0.3846843677357699,-0.30662207033593325,-0.3643396256679452,2.853569193634026,-0.291111254869791,-0.291111254869791,-0.4110350005650343,-0.26670153189093365,-0.2989342772712082,1.4309504001254019,-1.039856150151611,3.03
-0.7893502179206199,-0.253523623494187,-0.4758691827933287,0.5402968976769695,0.793060985525275,0.7745966692414834,-0.34192736340683294,0.43332941218003157,-0.4426341938318415,-1.0963749958685949,-0.31418536941100766,-0.291111254869791,-0.3362193900727166,-0.32897584747988445,-0.3779644730092272,-0.37118429085533483,-0.31418536941100766,-0.343371417172432,3.1091263510296048,-0.3846843677357699,-0.30662207033593325,2.7446918466985206,-0.35043832202523123,-0.291111254869791,-0.291111254869791,-0.4110350005650343,-0.26670153189093365,-0.2989342772712082,1.4309504001254019,-1.039856150151611,1.92
1.3313628113353784,-0.340732807738521,1.091275005797455,1.4362834166950855,0.793060985525275,0.7745966692414834,-1.3597576544783356,0.43332941218003157,-0.4426341938318415,-0.4541049754055279,-0.31418536941100766,3.435112807463534,-0.3362193900727166,-0.32897584747988445,-0.3779644730092272,-0.37118429085533483,-0.31418536941100766,-0.343371417172432,-0.3216337604513384,-0.3846843677357699,3.261343839027654,-0.3643396256679452,-0.35043832202523123,-0.291111254869791,-0.291111254869791,-0.4110350005650343,-0.26670153189093365,-0.2989342772712082,-0.6988362419217079,0.9616714772078809,7.44
-0.4863912137411916,-0.0771540240342349,0.8747098541077738,0.8951430438227582,-1.1132640125448696,0.7745966692414834,0.6759029276646698,0.43332941218003157,1.477948070930047,-0.21325371773187773,-0.31418536941100766,-0.291111254869791,-0.3362193900727166,-0.32897584747988445,2.6457513110645903,-0.37118429085533483,-0.31418536941100766,-0.343371417172432,-0.3216337604513384,-0.3846843677357699,-0.30662207033593325,-0.3643396256679452,-0.35043832202523123,-0.291111254869791,-0.291111254869791,-0.4110350005650343,3.7495097718784205,-0.2989342772712082,1.4309504001254019,-1.039856150151611,3.46
-1.0923092221000483,0.6887041321947519,-1.2102219244319747,-0.2758492384583452,-1.1132640125448696,0.7745966692414834,-0.34192736340683294,1.60103814394938,-0.4426341938318415,1.7135563436573236,-0.31418536941100766,-0.291111254869791,-0.3362193900727166,-0.32897584747988445,-0.3779644730092272,-0.37118429085533483,-0.31418536941100766,-0.343371417172432,-0.3216337604513384,2.599533757729597,-0.30662207033593325,-0.3643396256679452,-0.35043832202523123,-0.291111254869791,-0.291111254869791,-0.4110350005650343,-0.26670153189093365,-0.2989342772712082,-0.6988362419217079,0.9616714772078809,1.87
1.3313628113353784,-0.7502474078367595,0.5793937381672996,0.010984729676167844,0.793060985525275,0.7745966692414834,-0.34192736340683294,-0.7343793195893167,-0.4426341938318415,-1.5780775112158953,-0.31418536941100766,-0.291111254869791,-0.3362193900727166,-0.32897584747988445,2.6457513110645903,-0.37118429085533483,-0.31418536941100766,-0.343371417172432,-0.3216337604513384,-0.3846843677357699,-0.30662207033593325,-0.3643396256679452,-0.35043832202523123,-0.291111254869791,3.435112807463534,-0.4110350005650343,-0.26670153189093365,-0.2989342772712082,1.4309504001254019,-1.039856150151611,7.95
0.11952679461766508,-0.1442546891022806,0.23288949546380963,0.6615359976101138,0.793060985525275,-1.2909944487358056,0.6759029276646698,-0.7343793195893167,-0.4426341938318415,-1.497793758658012,-0.31418536941100766,-0.291111254869791,-0.3362193900727166,3.0397368307141326,-0.3779644730092272,-0.37118429085533483,-0.31418536941100766,-0.343371417172432,-0.3216337604513384,-0.3846843677357699,-0.30662207033593325,-0.3643396256679452,-0.35043832202523123,-0.291111254869791,-0.291111254869791,2.43288284118223,-0.26670153189093365,-0.2989342772712082,1.4309504001254019,-1.039856150151611,3.24
1.3313628113353784,-1.8630994717924252,0.6738948952682513,1.0696090656777704,-2.0664265115799423,0.7745966692414834,0.6759029276646698,-0.7343793195893167,-0.4426341938318415,-1.4175100061001285,-0.31418536941100766,-0.291111254869791,-0.3362193900727166,-0.32897584747988445,-0.3779644730092272,-0.37118429085533483,-0.31418536941100766,2.9122983160180347,-0.3216337604513384,-0.3846843677357699,-0.30662207033593325,-0.3643396256679452,-0.35043832202523123,-0.291111254869791,-0.291111254869791,-0.4110350005650343,3.7495097718784205,-0.2989342772712082,-0.6988362419217079,0.9616714772078809,9.3
0.4224857987970934,-0.6004633303605524,0.21320175440111136,-0.281763340894108,-2.0664265115799423,0.7745966692414834,1.6937332187361724,1.60103814394938,-0.4426341938318415,0.42901630273118935,-0.31418536941100766,-0.291111254869791,-0.3362193900727166,-0.32897584747988445,-0.3779644730092272,-0.37118429085533483,3.182834394468034,-0.343371417172432,-0.3216337604513384,-0.3846843677357699,-0.30662207033593325,-0.3643396256679452,-0.35043832202523123,-0.291111254869791,3.435112807463534,-0.4110350005650343,-0.26670153189093365,-0.2989342772712082,-0.6988362419217079,-1.039856150151611,6.92
0.11952679461766508,0.35011135781665703,-0.06242662047666466,-0.5242415407603966,-1.1132640125448696,-1.2909944487358056,0.6759029276646698,0.43332941218003157,-0.4426341938318415,0.7501513129627229,-0.31418536941100766,-0.291111254869791,-0.3362193900727166,-0.32897584747988445,-0.3779644730092272,-0.37118429085533483,3.182834394468034,-0.343371417172432,-0.3216337604513384,-0.3846843677357699,-0.30662207033593325,-0.3643396256679452,-0.35043832202523123,3.435112807463534,-0.291111254869791,-0.4110350005650343,-0.26670153189093365,-0.2989342772712082,1.4309504001254019,-1.039856150151611,6.18
-0.18343220956176326,-0.25951281855882274,0.061606148218334544,0.6260513829955344,0.793060985525275,0.7745966692414834,0.6759029276646698,-0.7343793195893167,-0.4426341938318415,0.6698675604048395,-0.31418536941100766,-0.291111254869791,-0.3362193900727166,-0.32897584747988445,-0.3779644730092272,-0.37118429085533483,-0.31418536941100766,2.9122983160180347,-0.3216337604513384,-0.3846843677357699,-0.30662207033593325,-0.3643396256679452,-0.35043832202523123,-0.291111254869791,-0.291111254869791,-0.4110350005650343,-0.26670153189093365,-0.2989342772712082,1.4309504001254019,-1.039856150151611,6.51
1.02840380715595,-0.5996232170256941,-0.4404312488804718,0.00211357602252279,0.793060985525275,-1.2909944487358056,0.6759029276646698,-0.7343793195893167,-0.4426341938318415,0.10788129249965579,-0.31418536941100766,-0.291111254869791,-0.3362193900727166,-0.32897584747988445,-0.3779644730092272,-0.37118429085533483,-0.31418536941100766,-0.343371417172432,3.1091263510296048,-0.3846843677357699,-0.30662207033593325,-0.3643396256679452,-0.35043832202523123,-0.291111254869791,-0.291111254869791,-0.4110350005650343,3.7495097718784205,-0.2989342772712082,-0.6988362419217079,0.9616714772078809,8.56
-0.18343220956176326,-0.3097299156392301,-0.4601189899431701,-0.6750511528723571,0.793060985525275,-1.2909944487358056,1.6937332187361724,2.7687468757187284,1.477948070930047,1.3121375808679065,-0.31418536941100766,-0.291111254869791,-0.3362193900727166,-0.32897584747988445,2.6457513110645903,-0.37118429085533483,-0.31418536941100766,-0.343371417172432,-0.3216337604513384,2.599533757729597,-0.30662207033593325,-0.3643396256679452,-0.35043832202523123,-0.291111254869791,-0.291111254869791,-0.4110350005650343,-0.26670153189093365,-0.2989342772712082,1.4309504001254019,-1.039856150151611,3.69
1.6343218155148067,-0.8294619651848603,0.20532665797603206,0.07899690768744351,0.793060985525275,-1.2909944487358056,0.6759029276646698,-0.7343793195893167,-0.4426341938318415,-1.738645016331662,-0.31418536941100766,-0.291111254869791,-0.3362193900727166,-0.32897584747988445,-0.3779644730092272,-0.37118429085533483,3.182834394468034,-0.343371417172432,-0.3216337604513384,-0.3846843677357699,-0.30662207033593325,-0.3643396256679452,-0.35043832202523123,-0.291111254869791,-0.291111254869791,2.43288284118223,-0.26670153189093365,-0.2989342772712082,-0.6988362419217079,0.9616714772078809,8.62
-1.3952682262794767,4.225045935670973,4.273475010414539,-2.322128681232393,0.793060985525275,0.7745966692414834,-0.34192736340683294,0.43332941218003157,1.477948070930047,1.5529888385415567,-0.31418536941100766,-0.291111254869791,-0.3362193900727166,-0.32897584747988445,-0.3779644730092272,-0.37118429085533483,-0.31418536941100766,-0.343371417172432,-0.3216337604513384,-0.3846843677357699,-0.30662207033593325,-0.3643396256679452,-0.35043832202523123,-0.291111254869791,-0.291111254869791,-0.4110350005650343,3.7495097718784205,-0.2989342772712082,-0.6988362419217079,0.9616714772078809,12.5
0.4224857987970934,-0.6356396887039787,0.27029620348293637,1.5427372605388219,0.793060985525275,-1.2909944487358056,0.6759029276646698,1.60103814394938,1.477948070930047,-1.2569425009843618,-0.31418536941100766,-0.291111254869791,2.9742484506432625,-0.32897584747988445,-0.3779644730092272,-0.37118429085533483,-0.31418536941100766,-0.343371417172432,-0.3216337604513384,-0.3846843677357699,-0.30662207033593325,-0.3643396256679452,-0.35043832202523123,-0.291111254869791,-0.291111254869791,2.43288284118223,-0.26670153189093365,-0.2989342772712082,-0.6988362419217079,0.9616714772078809,3.59
-0.7893502179206199,1.173449526408053,1.1857761628984067,0.8862718901691131,-1.1132640125448696,-1.2909944487358056,0.6759029276646698,-0.7343793195893167,-0.4426341938318415,1.7135563436573236,-0.31418536941100766,-0.291111254869791,-0.3362193900727166,-0.32897584747988445,-0.3779644730092272,-0.37118429085533483,-0.31418536941100766,-0.343371417172432,3.1091263510296048,2.599533757729597,-0.30662207033593325,-0.3643396256679452,-0.35043832202523123,-0.291111254869791,-0.291111254869791,-0.4110350005650343,-0.26670153189093365,-0.2989342772712082,-0.6988362419217079,-1.039856150151611,3.71
-1.0923092221000483,0.9876218768234045,-0.3616802846296786,0.8300879170293631,0.793060985525275,-1.2909944487358056,0.6759029276646698,-0.7343793195893167,-0.4426341938318415,0.42901630273118935,-0.31418536941100766,-0.291111254869791,-0.3362193900727166,3.0397368307141326,-0.3779644730092272,-0.37118429085533483,-0.31418536941100766,-0.343371417172432,-0.3216337604513384,-0.3846843677357699,-0.30662207033593325,-0.3643396256679452,-0.35043832202523123,-0.291111254869791,-0.291111254869791,-0.4110350005650343,-0.26670153189093365,-0.2989342772712082,1.4309504001254019,-1.039856150151611,2.29
1.3313628113353784,-1.6406591410660443,0.07735634106849318,-1.0476396063254354,0.793060985525275,-1.2909944487358056,0.6759029276646698,-0.7343793195893167,-0.4426341938318415,1.6332725910994401,-0.31418536941100766,-0.291111254869791,-0.3362193900727166,-0.32897584747988445,-0.3779644730092272,2.6940795304016234,-0.31418536941100766,-0.343371417172432,-0.3216337604513384,-0.3846843677357699,-0.30662207033593325,2.7446918466985206,-0.35043832202523123,-0.291111254869791,-0.291111254869791,-0.4110350005650343,-0.26670153189093365,-0.2989342772712082,-0.6988362419217079,0.9616714772078809,8.31
1.02840380715595,0.26103224389150914,-0.6530588523576133,0.377659080693483,-1.1132640125448696,-1.2909944487358056,-2.3775879455498385,-0.7343793195893167,-0.4426341938318415,1.1515700757521399,-0.31418536941100766,-0.291111254869791,-0.3362193900727166,-0.32897584747988445,-0.3779644730092272,-0.37118429085533483,-0.31418536941100766,-0.343371417172432,-0.3216337604513384,-0.3846843677357699,-0.30662207033593325,-0.3643396256679452,-0.35043832202523123,-0.291111254869791,-0.291111254869791,2.43288284118223,-0.26670153189093365,-0.2989342772712082,1.4309504001254019,-1.039856150151611,7.59
0.11952679461766508,0.19973107087700212,-0.37546170337356743,-0.10729731903909506,0.793060985525275,-1.2909944487358056,-0.34192736340683294,0.43332941218003157,-0.4426341938318415,-0.2935374702897611,-0.31418536941100766,-0.291111254869791,-0.3362193900727166,-0.32897584747988445,-0.3779644730092272,-0.37118429085533483,-0.31418536941100766,2.9122983160180347,-0.3216337604513384,-0.3846843677357699,3.261343839027654,-0.3643396256679452,-0.35043832202523123,-0.291111254869791,-0.291111254869791,-0.4110350005650343,-0.26670153189093365,-0.2989342772712082,-0.6988362419217079,-1.039856150151611,4.83
-1.3952682262794767,0.7781626521420939,0.9967738486965032,0.11152447108414147,0.793060985525275,0.7745966692414834,-1.3597576544783356,-0.7343793195893167,-0.4426341938318415,-0.6146724805212946,-0.31418536941100766,-0.291111254869791,-0.3362193900727166,-0.32897584747988445,-0.3779644730092272,-0.37118429085533483,3.182834394468034,-0.343371417172432,-0.3216337604513384,-0.3846843677357699,-0.30662207033593325,-0.3643396256679452,-0.35043832202523123,-0.291111254869791,-0.291111254869791,2.43288284118223,-0.26670153189093365,-0.2989342772712082,1.4309504001254019,-1.039856150151611,1.2
-0.7893502179206199,0.9839091178919335,-0.747560009458565,-0.6040819236431996,-2.0664265115799423,0.7745966692414834,-2.3775879455498385,0.43332941218003157,-0.4426341938318415,0.6698675604048395,-0.31418536941100766,-0.291111254869791,-0.3362193900727166,-0.32897584747988445,-0.3779644730092272,-0.37118429085533483,-0.31418536941100766,-0.343371417172432,3.1091263510296048,-0.3846843677357699,-0.30662207033593325,-0.3643396256679452,-0.35043832202523123,-0.291111254869791,3.435112807463534,-0.4110350005650343,-0.26670153189093365,-0.2989342772712082,1.4309504001254019,-1.039856150151611,1.71
-1.3952682262794767,0.6983789857607019,-1.3322859190207041,0.21206421249211427,-1.1132640125448696,-1.2909944487358056,-0.34192736340683294,-0.7343793195893167,-0.4426341938318415,0.7501513129627229,-0.31418536941100766,-0.291111254869791,2.9742484506432625,-0.32897584747988445,-0.3779644730092272,-0.37118429085533483,-0.31418536941100766,-0.343371417172432,-0.3216337604513384,-0.3846843677357699,-0.30662207033593325,-0.3643396256679452,-0.35043832202523123,3.435112807463534,-0.291111254869791,-0.4110350005650343,-0.26670153189093365,-0.2989342772712082,-0.6988362419217079,0.9616714772078809,1.67
-1.3952682262794767,0.7692737110506889,0.8904600469579325,0.5876097171630745,0.793060985525275,-1.2909944487358056,-0.34192736340683294,0.43332941218003157,-0.4426341938318415,-1.5780775112158953,-0.31418536941100766,-0.291111254869791,-0.3362193900727166,-0.32897584747988445,2.6457513110645903,-0.37118429085533483,-0.31418536941100766,-0.343371417172432,-0.3216337604513384,-0.3846843677357699,-0.30662207033593325,-0.3643396256679452,-0.35043832202523123,-0.291111254869791,-0.291111254869791,-0.4110350005650343,-0.26670153189093365,-0.2989342772712082,-0.6988362419217079,0.9616714772078809,1.2
1.6343218155148067,2.6084715040668396,1.2802773199993585,1.758601999444177,-1.1132640125448696,0.7745966692414834,-0.34192736340683294,-0.7343793195893167,-0.4426341938318415,1.6332725910994401,-0.31418536941100766,-0.291111254869791,-0.3362193900727166,-0.32897584747988445,-0.3779644730092272,-0.37118429085533483,-0.31418536941100766,2.9122983160180347,-0.3216337604513384,-0.3846843677357699,-0.30662207033593325,-0.3643396256679452,-0.35043832202523123,-0.291111254869791,-0.291111254869791,-0.4110350005650343,-0.26670153189093365,3.3452169123206628,-0.6988362419217079,0.9616714772078809,12.8
0.7254448029765217,-0.9649912163986311,-1.1570650235626894,-0.7164498699226992,-2.0664265115799423,0.7745966692414834,0.6759029276646698,-0.7343793195893167,-0.4426341938318415,1.3121375808679065,-0.31418536941100766,-0.291111254869791,-0.3362193900727166,-0.32897584747988445,-0.3779644730092272,2.6940795304016234,-0.31418536941100766,-0.343371417172432,-0.3216337604513384,-0.3846843677357699,-0.30662207033593325,-0.3643396256679452,-0.35043832202523123,-0.291111254869791,-0.291111254869791,-0.4110350005650343,-0.26670153189093365,3.3452169123206628,-0.6988362419217079,-1.039856150151611,7.17
-0.18343220956176326,-0.05785851776264825,-0.6983406568018193,-0.14573898487155584,-1.1132640125448696,0.7745966692414834,-0.34192736340683294,0.43332941218003157,-0.4426341938318415,0.991002570636373,3.182834394468034,-0.291111254869791,-0.3362193900727166,-0.32897584747988445,-0.3779644730092272,-0.37118429085533483,-0.31418536941100766,-0.343371417172432,-0.3216337604513384,-0.3846843677357699,-0.30662207033593325,-0.3643396256679452,-0.35043832202523123,-0.291111254869791,-0.291111254869791,-0.4110350005650343,3.7495097718784205,-0.2989342772712082,1.4309504001254019,-1.039856150151611,5.3
1.02840380715595,-0.3369658479467365,0.33526574898984074,0.6822353561352844,0.793060985525275,0.7745966692414834,0.6759029276646698,0.43332941218003157,1.477948070930047,-0.21325371773187773,-0.31418536941100766,-0.291111254869791,-0.3362193900727166,-0.32897584747988445,2.6457513110645903,-0.37118429085533483,-0.31418536941100766,-0.343371417172432,-0.3216337604513384,-0.3846843677357699,-0.30662207033593325,-0.3643396256679452,-0.35043832202523123,-0.291111254869791,-0.291111254869791,2.43288284118223,-0.26670153189093365,-0.2989342772712082,-0.6988362419217079,0.9616714772078809,6.23
0.11952679461766508,0.5074293548764329,-0.5782454363193598,-1.5355530572758949,0.793060985525275,-1.2909944487358056,0.6759029276646698,0.43332941218003157,-0.4426341938318415,0.7501513129627229,-0.31418536941100766,-0.291111254869791,-0.3362193900727166,-0.32897584747988445,-0.3779644730092272,-0.37118429085533483,-0.31418536941100766,-0.343371417172432,-0.3216337604513384,-0.3846843677357699,-0.30662207033593325,-0.3643396256679452,-0.35043832202523123,-0.291111254869791,-0.291111254869791,-0.4110350005650343,3.7495097718784205,-0.2989342772712082,-0.6988362419217079,0.9616714772078809,4.44
0.11952679461766508,-0.28235848118094004,0.7014577327560289,0.6644930488279952,0.793060985525275,0.7745966692414834,-0.34192736340683294,0.43332941218003157,-0.4426341938318415,-0.13296996517399434,-0.31418536941100766,-0.291111254869791,-0.3362193900727166,-0.32897584747988445,-0.3779644730092272,-0.37118429085533483,3.182834394468034,-0.343371417172432,-0.3216337604513384,-0.3846843677357699,-0.30662207033593325,-0.3643396256679452,-0.35043832202523123,3.435112807463534,-0.291111254869791,-0.4110350005650343,-0.26670153189093365,-0.2989342772712082,1.4309504001254019,-1.039856150151611,4.45
-0.7893502179206199,1.0442346754207985,1.0853686834786456,1.013425092538021,0.793060985525275,0.7745966692414834,-0.34192736340683294,1.60103814394938,-0.4426341938318415,0.8304350655206063,-0.31418536941100766,-0.291111254869791,-0.3362193900727166,3.0397368307141326,-0.3779644730092272,-0.37118429085533483,-0.31418536941100766,-0.343371417172432,-0.3216337604513384,-0.3846843677357699,3.261343839027654,-0.3643396256679452,-0.35043832202523123,-0.291111254869791,-0.291111254869791,-0.4110350005650343,-0.26670153189093365,-0.2989342772712082,-0.6988362419217079,-1.039856150151611,1.39
-1.698227230458905,0.9993834635114223,-1.1550962494564196,-0.9470998649174618,-1.1132640125448696,0.7745966692414834,-1.3597576544783356,-0.7343793195893167,-0.4426341938318415,-1.3372262535422452,-0.31418536941100766,-0.291111254869791,-0.3362193900727166,3.0397368307141326,-0.3779644730092272,-0.37118429085533483,-0.31418536941100766,-0.343371417172432,-0.3216337604513384,-0.3846843677357699,-0.30662207033593325,-0.3643396256679452,-0.35043832202523123,-0.291111254869791,-0.291111254869791,2.43288284118223,-0.26670153189093365,-0.2989342772712082,-0.6988362419217079,0.9616714772078809,1.2
0.11952679461766508,0.33165596487992877,0.34314084541492007,-0.01858578250264788,0.793060985525275,-1.2909944487358056,-0.34192736340683294,-0.7343793195893167,-0.4426341938318415,-1.5780775112158953,-0.31418536941100766,-0.291111254869791,-0.3362193900727166,-0.32897584747988445,2.6457513110645903,-0.37118429085533483,-0.31418536941100766,-0.343371417172432,-0.3216337604513384,2.599533757729597,-0.30662207033593325,-0.3643396256679452,-0.35043832202523123,-0.291111254869791,-0.291111254869791,-0.4110350005650343,-0.26670153189093365,-0.2989342772712082,-0.6988362419217079,0.9616714772078809,4.25
1.6343218155148067,-0.646263057325414,0.5242680631917443,-0.13391078000002937,0.793060985525275,-1.2909944487358056,0.6759029276646698,-0.7343793195893167,-0.4426341938318415,0.027597539941772414,-0.31418536941100766,-0.291111254869791,-0.3362193900727166,3.0397368307141326,-0.3779644730092272,-0.37118429085533483,-0.31418536941100766,-0.343371417172432,-0.3216337604513384,-0.3846843677357699,-0.30662207033593325,-0.3643396256679452,-0.35043832202523123,-0.291111254869791,-0.291111254869791,2.43288284118223,-0.26670153189093365,-0.2989342772712082,-0.6988362419217079,0.9616714772078809,7.84
0.7254448029765217,-0.7016292361355987,0.7723336005817427,0.9306276584373367,0.793060985525275,0.7745966692414834,-0.34192736340683294,-0.7343793195893167,1.477948070930047,-1.0963749958685949,-0.31418536941100766,3.435112807463534,-0.3362193900727166,-0.32897584747988445,-0.3779644730092272,-0.37118429085533483,-0.31418536941100766,-0.343371417172432,-0.3216337604513384,2.599533757729597,-0.30662207033593325,-0.3643396256679452,-0.35043832202523123,-0.291111254869791,-0.291111254869791,-0.4110350005650343,-0.26670153189093365,-0.2989342772712082,-0.6988362419217079,0.9616714772078809,5.4
-1.3952682262794767,1.5732892729403414,-1.1078456709059437,-0.19896590679342363,-1.1132640125448696,-1.2909944487358056,0.6759029276646698,-0.7343793195893167,-0.4426341938318415,-1.4175100061001285,-0.31418536941100766,-0.291111254869791,2.9742484506432625,-0.32897584747988445,-0.3779644730092272,-0.37118429085533483,-0.31418536941100766,-0.343371417172432,-0.3216337604513384,-0.3846843677357699,-0.30662207033593325,-0.3643396256679452,-0.35043832202523123,-0.291111254869791,-0.291111254869791,-0.4110350005650343,3.7495097718784205,-0.2989342772712082,-0.6988362419217079,0.9616714772078809,1.2
1.02840380715595,-0.01796668457195226,0.13641956425658805,0.7679898414538502,-2.0664265115799423,0.7745966692414834,0.6759029276646698,-0.7343793195893167,-0.4426341938318415,0.7501513129627229,-0.31418536941100766,-0.291111254869791,2.9742484506432625,-0.32897584747988445,-0.3779644730092272,-0.37118429085533483,-0.31418536941100766,-0.343371417172432,-0.3216337604513384,-0.3846843677357699,-0.30662207033593325,-0.3643396256679452,2.853569193634026,-0.291111254869791,-0.291111254869791,-0.4110350005650343,-0.26670153189093365,-0.2989342772712082,-0.6988362419217079,-1.039856150151611,8.42
-1.0923092221000483,1.5513379245133958,0.4592985176848399,0.03464113941921992,0.793060985525275,0.7745966692414834,-1.3597576544783356,-0.7343793195893167,-0.4426341938318415,0.8304350655206063,-0.31418536941100766,-0.291111254869791,-0.3362193900727166,-0.32897584747988445,-0.3779644730092272,2.6940795304016234,-0.31418536941100766,-0.343371417172432,-0.3216337604513384,-0.3846843677357699,-0.30662207033593325,-0.3643396256679452,-0.35043832202523123,-0.291111254869791,3.435112807463534,-0.4110350005650343,-0.26670153189093365,-0.2989342772712082,-0.6988362419217079,0.9616714772078809,1.82
-0.4863912137411916,0.4810064354736282,-1.1649401199877687,-0.5745114114643839,0.793060985525275,0.7745966692414834,0.6759029276646698,0.43332941218003157,-0.4426341938318415,1.39242133342579,-0.31418536941100766,-0.291111254869791,-0.3362193900727166,3.0397368307141326,-0.3779644730092272,-0.37118429085533483,-0.31418536941100766,-0.343371417172432,-0.3216337604513384,-0.3846843677357699,-0.30662207033593325,-0.3643396256679452,-0.35043832202523123,-0.291111254869791,-0.291111254869791,-0.4110350005650343,3.7495097718784205,-0.2989342772712082,1.4309504001254019,-1.039856150151611,3.36
1.02840380715595,-0.24303575702353525,-0.35577396231086916,0.028727036983457112,0.793060985525275,-1.2909944487358056,-0.34192736340683294,-0.7343793195893167,-0.4426341938318415,0.10788129249965579,-0.31418536941100766,-0.291111254869791,-0.3362193900727166,-0.32897584747988445,-0.3779644730092272,2.6940795304016234,-0.31418536941100766,-0.343371417172432,-0.3216337604513384,-0.3846843677357699,3.261343839027654,-0.3643396256679452,-0.35043832202523123,-0.291111254869791,-0.291111254869791,-0.4110350005650343,-0.26670153189093365,-0.2989342772712082,-0.6988362419217079,-1.039856150151611,7.04
0.7254448029765217,-0.19563710467942705,-1.080282833418166,0.7384193292750345,0.793060985525275,0.7745966692414834,-0.34192736340683294,-0.7343793195893167,-0.4426341938318415,0.5093000552890727,-0.31418536941100766,-0.291111254869791,-0.3362193900727166,3.0397368307141326,-0.3779644730092272,-0.37118429085533483,-0.31418536941100766,-0.343371417172432,-0.3216337604513384,-0.3846843677357699,-0.30662207033593325,-0.3643396256679452,-0.35043832202523123,-0.291111254869791,3.435112807463534,-0.4110350005650343,-0.26670153189093365,-0.2989342772712082,-0.6988362419217079,0.9616714772078809,5.43
0.4224857987970934,0.045963230167756865,-1.4760064287784016,-1.2960319086274872,0.793060985525275,0.7745966692414834,-1.3597576544783356,-0.7343793195893167,-0.4426341938318415,0.991002570636373,-0.31418536941100766,-0.291111254869791,-0.3362193900727166,-0.32897584747988445,2.6457513110645903,-0.37118429085533483,-0.31418536941100766,-0.343371417172432,-0.3216337604513384,2.599533757729597,-0.30662207033593325,-0.3643396256679452,-0.35043832202523123,-0.291111254869791,-0.291111254869791,-0.4110350005650343,-0.26670153189093365,-0.2989342772712082,-0.6988362419217079,0.9616714772078809,4.74
0.7254448029765217,0.1543107499343347,-0.39908699264880537,-1.154093450169172,0.793060985525275,0.7745966692414834,-0.34192736340683294,-0.7343793195893167,-0.4426341938318415,1.3121375808679065,-0.31418536941100766,-0.291111254869791,-0.3362193900727166,-0.32897584747988445,-0.3779644730092272,-0.37118429085533483,3.182834394468034,-0.343371417172432,-0.3216337604513384,-0.3846843677357699,-0.30662207033593325,-0.3643396256679452,-0.35043832202523123,-0.291111254869791,-0.291111254869791,2.43288284118223,-0.26670153189093365,-0.2989342772712082,1.4309504001254019,-1.039856150151611,6.14
0.4224857987970934,-0.8157762479557152,0.18957646512587342,1.0459526559347183,-1.1132640125448696,-1.2909944487358056,0.6759029276646698,0.43332941218003157,-0.4426341938318415,1.0712863231942564,-0.31418536941100766,-0.291111254869791,-0.3362193900727166,-0.32897584747988445,-0.3779644730092272,-0.37118429085533483,-0.31418536941100766,-0.343371417172432,3.1091263510296048,-0.3846843677357699,-0.30662207033593325,-0.3643396256679452,2.853569193634026,-0.291111254869791,-0.291111254869791,-0.4110350005650343,-0.26670153189093365,-0.2989342772712082,-0.6988362419217079,0.9616714772078809,7.3
-0.18343220956176326,-0.44338923717218703,-0.4896506015372175,0.25050587832457505,0.793060985525275,0.7745966692414834,-0.34192736340683294,2.7687468757187284,-0.4426341938318415,0.18816504505753917,-0.31418536941100766,-0.291111254869791,-0.3362193900727166,-0.32897584747988445,-0.3779644730092272,-0.37118429085533483,-0.31418536941100766,2.9122983160180347,-0.3216337604513384,2.599533757729597,-0.30662207033593325,-0.3643396256679452,-0.35043832202523123,-0.291111254869791,-0.291111254869791,-0.4110350005650343,-0.26670153189093365,-0.2989342772712082,-0.6988362419217079,0.9616714772078809,2.74
-0.18343220956176326,0.06482512955683595,-0.3951494444362657,0.1884078027490622,0.793060985525275,0.7745966692414834,1.6937332187361724,0.43332941218003157,3.3985303356919356,0.18816504505753917,-0.31418536941100766,-0.291111254869791,-0.3362193900727166,3.0397368307141326,-0.3779644730092272,-0.37118429085533483,-0.31418536941100766,-0.343371417172432,-0.3216337604513384,-0.3846843677357699,3.261343839027654,-0.3643396256679452,-0.35043832202523123,-0.291111254869791,-0.291111254869791,-0.4110350005650343,-0.26670153189093365,-0.2989342772712082,-0.6988362419217079,0.9616714772078809,4.62
-1.698227230458905,1.7215828267579285,0.2151705285073812,1.037081502281073,0.793060985525275,0.7745966692414834,0.6759029276646698,-0.7343793195893167,1.477948070930047,1.7135563436573236,-0.31418536941100766,3.435112807463534,-0.3362193900727166,-0.32897584747988445,-0.3779644730092272,-0.37118429085533483,-0.31418536941100766,-0.343371417172432,-0.3216337604513384,-0.3846843677357699,-0.30662207033593325,-0.3643396256679452,-0.35043832202523123,-0.291111254869791,3.435112807463534,-0.4110350005650343,-0.26670153189093365,-0.2989342772712082,-0.6988362419217079,-1.039856150151611,1.4
-0.7893502179206199,0.2811949639281109,-0.03289500888261723,-0.7371492284478703,0.793060985525275,-1.2909944487358056,-2.3775879455498385,1.60103814394938,1.477948070930047,1.39242133342579,-0.31418536941100766,3.435112807463534,-0.3362193900727166,-0.32897584747988445,-0.3779644730092272,-0.37118429085533483,-0.31418536941100766,-0.343371417172432,-0.3216337604513384,-0.3846843677357699,-0.30662207033593325,-0.3643396256679452,-0.35043832202523123,-0.291111254869791,-0.291111254869791,-0.4110350005650343,-0.26670153189093365,-0.2989342772712082,1.4309504001254019,-1.039856150151611,2.09
0.4224857987970934,-0.23243948883225662,0.3726724570089675,1.5131667483600062,-2.0664265115799423,-1.2909944487358056,-0.34192736340683294,-0.7343793195893167,-0.4426341938318415,-1.4175100061001285,3.182834394468034,-0.291111254869791,-0.3362193900727166,-0.32897584747988445,-0.3779644730092272,-0.37118429085533483,-0.31418536941100766,-0.343371417172432,-0.3216337604513384,-0.3846843677357699,-0.30662207033593325,-0.3643396256679452,-0.35043832202523123,-0.291111254869791,-0.291111254869791,-0.4110350005650343,-0.26670153189093365,-0.2989342772712082,1.4309504001254019,-1.039856150151611,5.84
1.3313628113353784,-0.8532561428624629,0.6404257354616641,-0.0422421922457008,0.793060985525275,-1.2909944487358056,0.6759029276646698,-0.7343793195893167,-0.4426341938318415,-1.2569425009843618,-0.31418536941100766,-0.291111254869791,-0.3362193900727166,-0.32897584747988445,-0.3779644730092272,-0.37118429085533483,-0.31418536941100766,2.9122983160180347,-0.3216337604513384,-0.3846843677357699,-0.30662207033593325,-0.3643396256679452,-0.35043832202523123,-0.291111254869791,-0.291111254869791,-0.4110350005650343,3.7495097718784205,-0.2989342772712082,-0.6988362419217079,0.9616714772078809,8.59
-0.7893502179206199,0.49111489592208585,-0.4660253122619796,-0.2551498799331737,0.793060985525275,0.7745966692414834,-0.34192736340683294,-0.7343793195893167,-0.4426341938318415,0.26844879761542256,-0.31418536941100766,-0.291111254869791,-0.3362193900727166,-0.32897584747988445,-0.3779644730092272,-0.37118429085533483,-0.31418536941100766,-0.343371417172432,-0.3216337604513384,-0.3846843677357699,-0.30662207033593325,-0.3643396256679452,-0.35043832202523123,-0.291111254869791,-0.291111254869791,2.43288284118223,-0.26670153189093365,-0.2989342772712082,-0.6988362419217079,-1.039856150151611,2.26
-1.698227230458905,1.6099019540820738,1.8453154884987994,2.0336077627071636,-1.1132640125448696,0.7745966692414834,-0.34192736340683294,-0.7343793195893167,-0.4426341938318415,0.42901630273118935,-0.31418536941100766,-0.291111254869791,-0.3362193900727166,-0.32897584747988445,-0.3779644730092272,-0.37118429085533483,-0.31418536941100766,-0.343371417172432,3.1091263510296048,-0.3846843677357699,-0.30662207033593325,-0.3643396256679452,-0.35043832202523123,3.435112807463534,-0.291111254869791,-0.4110350005650343,-0.26670153189093365,-0.2989342772712082,-0.6988362419217079,0.9616714772078809,1.2
-1.0923092221000483,0.7964283420677251,-0.6136833702322168,0.8123456097220738,0.793060985525275,0.7745966692414834,-2.3775879455498385,-0.7343793195893167,-0.4426341938318415,1.3121375808679065,-0.31418536941100766,3.435112807463534,-0.3362193900727166,-0.32897584747988445,-0.3779644730092272,-0.37118429085533483,-0.31418536941100766,-0.343371417172432,-0.3216337604513384,-0.3846843677357699,-0.30662207033593325,-0.3643396256679452,-0.35043832202523123,-0.291111254869791,-0.291111254869791,-0.4110350005650343,-0.26670153189093365,-0.2989342772712082,-0.6988362419217079,0.9616714772078809,2.73
-1.3952682262794767,1.3857813966859762,1.2349955155551524,0.4959411294087459,0.793060985525275,-1.2909944487358056,-0.34192736340683294,-0.7343793195893167,-0.4426341938318415,-0.4541049754055279,-0.31418536941100766,-0.291111254869791,-0.3362193900727166,3.0397368307141326,-0.3779644730092272,-0.37118429085533483,-0.31418536941100766,-0.343371417172432,-0.3216337604513384,-0.3846843677357699,-0.30662207033593325,-0.3643396256679452,-0.35043832202523123,3.435112807463534,-0.291111254869791,-0.4110350005650343,-0.26670153189093365,-0.2989342772712082,-0.6988362419217079,0.9616714772078809,1.62
1.3313628113353784,-1.2694103483490984,-0.8656864558347548,-1.1659216550406983,0.793060985525275,-1.2909944487358056,0.6759029276646698,-0.7343793195893167,-0.4426341938318415,-0.7752399856370614,-0.31418536941100766,-0.291111254869791,-0.3362193900727166,-0.32897584747988445,-0.3779644730092272,-0.37118429085533483,3.182834394468034,-0.343371417172432,-0.3216337604513384,-0.3846843677357699,-0.30662207033593325,-0.3643396256679452,2.853569193634026,-0.291111254869791,-0.291111254869791,-0.4110350005650343,-0.26670153189093365,-0.2989342772712082,1.4309504001254019,-1.039856150151611,7.57
-0.7893502179206199,0.27902692951557306,-1.0035006432736429,-0.8790876869061858,0.793060985525275,0.7745966692414834,-2.3775879455498385,1.60103814394938,-0.4426341938318415,-1.497793758658012,-0.31418536941100766,-0.291111254869791,-0.3362193900727166,-0.32897584747988445,-0.3779644730092272,2.6940795304016234,-0.31418536941100766,-0.343371417172432,-0.3216337604513384,-0.3846843677357699,-0.30662207033593325,-0.3643396256679452,-0.35043832202523123,-0.291111254869791,-0.291111254869791,2.43288284118223,-0.26670153189093365,-0.2989342772712082,-0.6988362419217079,0.9616714772078809,1.2
0.7254448029765217,-1.1220924100171532,-1.4760064287784016,-1.2398479354877376,0.793060985525275,-1.2909944487358056,-0.34192736340683294,-0.7343793195893167,-0.4426341938318415,0.5093000552890727,-0.31418536941100766,-0.291111254869791,-0.3362193900727166,-0.32897584747988445,-0.3779644730092272,-0.37118429085533483,-0.31418536941100766,2.9122983160180347,-0.3216337604513384,-0.3846843677357699,3.261343839027654,-0.3643396256679452,-0.35043832202523123,-0.291111254869791,-0.291111254869791,-0.4110350005650343,-0.26670153189093365,-0.2989342772712082,-0.6988362419217079,0.9616714772078809,6.5
-0.4863912137411916,-0.2742283521339232,-1.4543499136094336,-2.029380610662117,0.793060985525275,0.7745966692414834,-1.3597576544783356,-0.7343793195893167,1.477948070930047,1.1515700757521399,-0.31418536941100766,-0.291111254869791,-0.3362193900727166,-0.32897584747988445,-0.3779644730092272,-0.37118429085533483,-0.31418536941100766,-0.343371417172432,-0.3216337604513384,-0.3846843677357699,-0.30662207033593325,-0.3643396256679452,-0.35043832202523123,-0.291111254869791,-0.291111254869791,2.43288284118223,-0.26670153189093365,-0.2989342772712082,1.4309504001254019,-1.039856150151611,1.2
-0.4863912137411916,-0.025039896842856915,1.8177526510110218,0.9394988120909817,-1.1132640125448696,0.7745966692414834,-1.3597576544783356,0.43332941218003157,-0.4426341938318415,-0.4541049754055279,3.182834394468034,-0.291111254869791,-0.3362193900727166,-0.32897584747988445,-0.3779644730092272,-0.37118429085533483,-0.31418536941100766,-0.343371417172432,-0.3216337604513384,-0.3846843677357699,-0.30662207033593325,-0.3643396256679452,-0.35043832202523123,-0.291111254869791,-0.291111254869791,-0.4110350005650343,-0.26670153189093365,-0.2989342772712082,-0.6988362419217079,0.9616714772078809,3.4
0.11952679461766508,-0.12680201208135108,-1.4760064287784016,-0.10138321660333224,0.793060985525275,0.7745966692414834,0.6759029276646698,0.43332941218003157,1.477948070930047,0.991002570636373,-0.31418536941100766,-0.291111254869791,-0.3362193900727166,-0.32897584747988445,2.6457513110645903,-0.37118429085533483,-0.31418536941100766,-0.343371417172432,-0.3216337604513384,-0.3846843677357699,3.261343839027654,-0.3643396256679452,-0.35043832202523123,-0.291111254869791,-0.291111254869791,-0.4110350005650343,-0.26670153189093365,-0.2989342772712082,-0.6988362419217079,0.9616714772078809,5.25
-0.18343220956176326,0.31973177561097077,-1.4760064287784016,0.031684088201338514,-1.1132640125448696,0.7745966692414834,-0.34192736340683294,0.43332941218003157,1.477948070930047,-1.5780775112158953,3.182834394468034,-0.291111254869791,-0.3362193900727166,-0.32897584747988445,-0.3779644730092272,-0.37118429085533483,-0.31418536941100766,-0.343371417172432,-0.3216337604513384,-0.3846843677357699,-0.30662207033593325,-0.3643396256679452,-0.35043832202523123,3.435112807463534,-0.291111254869791,-0.4110350005650343,-0.26670153189093365,-0.2989342772712082,1.4309504001254019,-1.039856150151611,3.26
-0.4863912137411916,0.6161833810953616,1.2664959012554697,1.273645599711599,-2.0664265115799423,-1.2909944487358056,0.6759029276646698,-0.7343793195893167,1.477948070930047,-1.2569425009843618,-0.31418536941100766,-0.291111254869791,-0.3362193900727166,-0.32897584747988445,-0.3779644730092272,-0.37118429085533483,-0.31418536941100766,-0.343371417172432,-0.3216337604513384,-0.3846843677357699,-0.30662207033593325,2.7446918466985206,-0.35043832202523123,-0.291111254869791,-0.291111254869791,-0.4110350005650343,-0.26670153189093365,-0.2989342772712082,-0.6988362419217079,0.9616714772078809,3.25
0.4224857987970934,-0.6804638001831982,-1.3066918556391964,-0.6129530772968438,-1.1132640125448696,0.7745966692414834,-0.34192736340683294,1.60103814394938,-0.4426341938318415,-0.9358074907528282,-0.31418536941100766,-0.291111254869791,-0.3362193900727166,-0.32897584747988445,-0.3779644730092272,-0.37118429085533483,-0.31418536941100766,-0.343371417172432,3.1091263510296048,2.599533757729597,-0.30662207033593325,-0.3643396256679452,-0.35043832202523123,-0.291111254869791,-0.291111254869791,-0.4110350005650343,-0.26670153189093365,-0.2989342772712082,-0.6988362419217079,0.9616714772078809,5.66
-0.18343220956176326,-0.10544687311785352,0.08129388928103283,0.3362603636431408,0.793060985525275,-1.2909944487358056,0.6759029276646698,0.43332941218003157,-0.4426341938318415,1.5529888385415567,-0.31418536941100766,-0.291111254869791,-0.3362193900727166,-0.32897584747988445,-0.3779644730092272,-0.37118429085533483,-0.31418536941100766,2.9122983160180347,-0.3216337604513384,2.599533757729597,-0.30662207033593325,-0.3643396256679452,-0.35043832202523123,-0.291111254869791,-0.291111254869791,-0.4110350005650343,-0.26670153189093365,-0.2989342772712082,-0.6988362419217079,-1.039856150151611,4.63
1.3313628113353784,-0.08945761932538705,-0.6038394997008676,-0.19896590679342363,-1.1132640125448696,0.7745966692414834,-1.3597576544783356,-0.7343793195893167,-0.4426341938318415,-1.0160912433107117,-0.31418536941100766,-0.291111254869791,2.9742484506432625,-0.32897584747988445,-0.3779644730092272,-0.37118429085533483,-0.31418536941100766,-0.343371417172432,-0.3216337604513384,-0.3846843677357699,-0.30662207033593325,-0.3643396256679452,-0.35043832202523123,-0.291111254869791,-0.291111254869791,-0.4110350005650343,-0.26670153189093365,3.3452169123206628,-0.6988362419217079,-1.039856150151611,7.63
0.4224857987970934,-0.8994352758495185,-0.18055306685285438,-0.4651005164027652,0.793060985525275,0.7745966692414834,-0.34192736340683294,2.7687468757187284,-0.4426341938318415,1.1515700757521399,3.182834394468034,-0.291111254869791,-0.3362193900727166,-0.32897584747988445,-0.3779644730092272,-0.37118429085533483,-0.31418536941100766,-0.343371417172432,-0.3216337604513384,-0.3846843677357699,3.261343839027654,-0.3643396256679452,-0.35043832202523123,-0.291111254869791,-0.291111254869791,-0.4110350005650343,-0.26670153189093365,-0.2989342772712082,-0.6988362419217079,0.9616714772078809,4.58
-0.7893502179206199,0.6350994813447541,1.2448393860865017,0.9040141974764024,0.793060985525275,0.7745966692414834,0.6759029276646698,-0.7343793195893167,3.3985303356919356,0.8304350655206063,-0.31418536941100766,-0.291111254869791,-0.3362193900727166,-0.32897584747988445,-0.3779644730092272,-0.37118429085533483,-0.31418536941100766,-0.343371417172432,-0.3216337604513384,-0.3846843677357699,-0.30662207033593325,2.7446918466985206,-0.35043832202523123,-0.291111254869791,-0.291111254869791,-0.4110350005650343,-0.26670153189093365,-0.2989342772712082,1.4309504001254019,-1.039856150151611,3.94
-0.18343220956176326,-0.0918966580394921,0.9396793996146782,0.39835843921865366,0.793060985525275,-1.2909944487358056,1.6937332187361724,-0.7343793195893167,-0.4426341938318415,1.39242133342579,-0.31418536941100766,-0.291111254869791,-0.3362193900727166,3.0397368307141326,-0.3779644730092272,-0.37118429085533483,-0.31418536941100766,-0.343371417172432,-0.3216337604513384,-0.3846843677357699,-0.30662207033593325,-0.3643396256679452,-0.35043832202523123,-0.291111254869791,-0.291111254869791,2.43288284118223,-0.26670153189093365,-0.2989342772712082,-0.6988362419217079,0.9616714772078809,4.92
-1.0923092221000483,0.5837983670580779,-0.4896506015372175,-0.7548915357551595,-2.0664265115799423,0.7745966692414834,0.6759029276646698,-0.7343793195893167,-0.4426341938318415,-0.21325371773187773,-0.31418536941100766,-0.291111254869791,-0.3362193900727166,-0.32897584747988445,-0.3779644730092272,2.6940795304016234,-0.31418536941100766,-0.343371417172432,-0.3216337604513384,-0.3846843677357699,-0.30662207033593325,-0.3643396256679452,-0.35043832202523123,-0.291111254869791,-0.291111254869791,-0.4110350005650343,-0.26670153189093365,-0.2989342772712082,-0.6988362419217079,0.9616714772078809,1.81
1.02840380715595,-0.14531160587839279,-0.19236571149047335,-1.511896647532842,-1.1132640125448696,-1.2909944487358056,0.6759029276646698,0.43332941218003157,-0.4426341938318415,-1.5780775112158953,-0.31418536941100766,-0.291111254869791,-0.3362193900727166,-0.32897584747988445,-0.3779644730092272,2.6940795304016234,-0.31418536941100766,-0.343371417172432,-0.3216337604513384,-0.3846843677357699,-0.30662207033593325,-0.3643396256679452,2.853569193634026,-0.291111254869791,-0.291111254869791,-0.4110350005650343,-0.26670153189093365,-0.2989342772712082,-0.6988362419217079,0.9616714772078809,7.35
1.02840380715595,-0.9282972339664284,-0.678652915739121,-0.8643024308167778,0.793060985525275,0.7745966692414834,0.6759029276646698,0.43332941218003157,-0.4426341938318415,1.39242133342579,-0.31418536941100766,-0.291111254869791,-0.3362193900727166,-0.32897584747988445,2.6457513110645903,-0.37118429085533483,-0.31418536941100766,-0.343371417172432,-0.3216337604513384,2.599533757729597,-0.30662207033593325,-0.3643396256679452,-0.35043832202523123,-0.291111254869791,-0.291111254869791,-0.4110350005650343,-0.26670153189093365,-0.2989342772712082,-0.6988362419217079,0.9616714772078809,8.44
0.4224857987970934,-1.000384378183311,-0.9818441281046747,-0.8110755088949096,0.793060985525275,0.7745966692414834,-0.34192736340683294,-0.7343793195893167,-0.4426341938318415,-0.5343887279634113,-0.31418536941100766,-0.291111254869791,-0.3362193900727166,-0.32897584747988445,-0.3779644730092272,-0.37118429085533483,-0.31418536941100766,-0.343371417172432,-0.3216337604513384,-0.3846843677357699,-0.30662207033593325,2.7446918466985206,-0.35043832202523123,-0.291111254869791,-0.291111254869791,-0.4110350005650343,-0.26670153189093365,-0.2989342772712082,1.4309504001254019,-1.039856150151611,5.05
-0.18343220956176326,1.1104410262936724,-0.2514289346785682,-0.376388979866318,0.793060985525275,0.7745966692414834,-0.34192736340683294,-0.7343793195893167,-0.4426341938318415,-1.0160912433107117,-0.31418536941100766,-0.291111254869791,-0.3362193900727166,-0.32897584747988445,-0.3779644730092272,2.6940795304016234,-0.31418536941100766,-0.343371417172432,-0.3216337604513384,-0.3846843677357699,-0.30662207033593325,-0.3643396256679452,-0.35043832202523123,3.435112807463534,-0.291111254869791,-0.4110350005650343,-0.26670153189093365,-0.2989342772712082,-0.6988362419217079,-1.039856150151611,3.99
-0.4863912137411916,0.48721243397951775,-0.2848980944851553,-0.03041398737417434,0.793060985525275,-1.2909944487358056,1.6937332187361724,-0.7343793195893167,-0.4426341938318415,1.4727050859836732,-0.31418536941100766,-0.291111254869791,-0.3362193900727166,-0.32897584747988445,2.6457513110645903,-0.37118429085533483,-0.31418536941100766,-0.343371417172432,-0.3216337604513384,-0.3846843677357699,-0.30662207033593325,-0.3643396256679452,-0.35043832202523123,3.435112807463534,-0.291111254869791,-0.4110350005650343,-0.26670153189093365,-0.2989342772712082,-0.6988362419217079,0.9616714772078809,4.05
-1.698227230458905,0.9920934477992638,0.492767677491427,-0.15461013852520006,0.793060985525275,0.7745966692414834,0.6759029276646698,0.43332941218003157,-0.4426341938318415,-0.9358074907528282,-0.31418536941100766,-0.291111254869791,-0.3362193900727166,-0.32897584747988445,-0.3779644730092272,2.6940795304016234,-0.31418536941100766,-0.343371417172432,-0.3216337604513384,-0.3846843677357699,-0.30662207033593325,-0.3643396256679452,-0.35043832202523123,-0.291111254869791,-0.291111254869791,2.43288284118223,-0.26670153189093365,-0.2989342772712082,-0.6988362419217079,0.9616714772078809,1.2
-1.0923092221000483,0.29748232245230133,-0.3951494444362657,-1.0801671697221327,-0.16010151350979732,0.7745966692414834,-0.34192736340683294,-0.7343793195893167,-0.4426341938318415,0.6698675604048395,-0.31418536941100766,-0.291111254869791,-0.3362193900727166,-0.32897584747988445,-0.3779644730092272,2.6940795304016234,-0.31418536941100766,-0.343371417172432,-0.3216337604513384,-0.3846843677357699,-0.30662207033593325,-0.3643396256679452,-0.35043832202523123,-0.291111254869791,3.435112807463534,-0.4110350005650343,-0.26670153189093365,-0.2989342772712082,1.4309504001254019,-1.039856150151611,3.4
1.02840380715595,0.1556386710120141,-0.5546201470441219,-0.385260133519963,0.793060985525275,-1.2909944487358056,-2.3775879455498385,-0.7343793195893167,-0.4426341938318415,1.39242133342579,-0.31418536941100766,3.435112807463534,-0.3362193900727166,-0.32897584747988445,-0.3779644730092272,-0.37118429085533483,-0.31418536941100766,-0.343371417172432,-0.3216337604513384,-0.3846843677357699,-0.30662207033593325,2.7446918466985206,-0.35043832202523123,-0.291111254869791,-0.291111254869791,-0.4110350005650343,-0.26670153189093365,-0.2989342772712082,1.4309504001254019,-1.039856150151611,6.49
0.4224857987970934,-0.05354954936772932,-0.12345861777102936,0.49298407819086365,0.793060985525275,0.7745966692414834,0.6759029276646698,0.43332941218003157,-0.4426341938318415,0.34873255017330596,-0.31418536941100766,-0.291111254869791,-0.3362193900727166,-0.32897584747988445,-0.3779644730092272,-0.37118429085533483,-0.31418536941100766,-0.343371417172432,-0.3216337604513384,-0.3846843677357699,-0.30662207033593325,2.7446918466985206,-0.35043832202523123,-0.291111254869791,-0.291111254869791,-0.4110350005650343,-0.26670153189093365,-0.2989342772712082,1.4309504001254019,-1.039856150151611,7.11
1.02840380715595,-1.0398426044914995,-0.41877473371150364,0.08195395890532575,-2.0664265115799423,0.7745966692414834,-0.34192736340683294,0.43332941218003157,-0.4426341938318415,-0.6146724805212946,-0.31418536941100766,-0.291111254869791,2.9742484506432625,-0.32897584747988445,-0.3779644730092272,-0.37118429085533483,-0.31418536941100766,-0.343371417172432,-0.3216337604513384,-0.3846843677357699,-0.30662207033593325,2.7446918466985206,-0.35043832202523123,-0.291111254869791,-0.291111254869791,-0.4110350005650343,-0.26670153189093365,-0.2989342772712082,1.4309504001254019,-1.039856150151611,7.27
0.11952679461766508,-0.3033071136920868,-0.07030171690174397,0.6142231781240088,-1.1132640125448696,0.7745966692414834,-0.34192736340683294,-0.7343793195893167,-0.4426341938318415,0.18816504505753917,-0.31418536941100766,-0.291111254869791,2.9742484506432625,-0.32897584747988445,-0.3779644730092272,-0.37118429085533483,-0.31418536941100766,-0.343371417172432,-0.3216337604513384,-0.3846843677357699,3.261343839027654,-0.3643396256679452,-0.35043832202523123,-0.291111254869791,-0.291111254869791,-0.4110350005650343,-0.26670153189093365,-0.2989342772712082,-0.6988362419217079,-1.039856150151611,5.96
-1.0923092221000483,0.6838802556268552,-0.989719224529754,-0.4444011578775945,0.793060985525275,0.7745966692414834,-0.34192736340683294,1.60103814394938,-0.4426341938318415,1.6332725910994401,-0.31418536941100766,-0.291111254869791,-0.3362193900727166,-0.32897584747988445,-0.3779644730092272,-0.37118429085533483,3.182834394468034,-0.343371417172432,-0.3216337604513384,-0.3846843677357699,-0.30662207033593325,-0.3643396256679452,-0.35043832202523123,-0.291111254869791,3.435112807463534,-0.4110350005650343,-0.26670153189093365,-0.2989342772712082,-0.6988362419217079,0.9616714772078809,1.25
-1.698227230458905,1.328003279591843,-0.18055306685285438,1.1878911143930333,0.793060985525275,-1.2909944487358056,1.6937332187361724,-0.7343793195893167,1.477948070930047,-0.2935374702897611,-0.31418536941100766,-0.291111254869791,-0.3362193900727166,-0.32897584747988445,-0.3779644730092272,2.6940795304016234,-0.31418536941100766,-0.343371417172432,-0.3216337604513384,-0.3846843677357699,-0.30662207033593325,2.7446918466985206,-0.35043832202523123,-0.291111254869791,-0.291111254869791,-0.4110350005650343,-0.26670153189093365,-0.2989342772712082,-0.6988362419217079,0.9616714772078809,1.2
-1.3952682262794767,1.4504159226097602,-0.18055306685285438,1.1257930388175204,0.793060985525275,-1.2909944487358056,-0.34192736340683294,-0.7343793195893167,-0.4426341938318415,0.027597539941772414,-0.31418536941100766,3.435112807463534,-0.3362193900727166,-0.32897584747988445,-0.3779644730092272,-0.37118429085533483,-0.31418536941100766,-0.343371417172432,-0.3216337604513384,-0.3846843677357699,-0.30662207033593325,2.7446918466985206,-0.35043832202523123,-0.291111254869791,-0.291111254869791,-0.4110350005650343,-0.26670153189093365,-0.2989342772712082,-0.6988362419217079,0.9616714772078809,1.84
1.3313628113353784,-1.6951039052509005,0.049793503580715576,0.34513151729678504,0.793060985525275,0.7745966692414834,0.6759029276646698,-0.7343793195893167,-0.4426341938318415,0.7501513129627229,-0.31418536941100766,-0.291111254869791,-0.3362193900727166,3.0397368307141326,-0.3779644730092272,-0.37118429085533483,-0.31418536941100766,-0.343371417172432,-0.3216337604513384,-0.3846843677357699,-0.30662207033593325,-0.3643396256679452,-0.35043832202523123,3.435112807463534,-0.291111254869791,-0.4110350005650343,-0.26670153189093365,-0.2989342772712082,-0.6988362419217079,0.9616714772078809,7.77
0.7254448029765217,-0.7966704446952256,0.2427333659951588,1.1819770119572703,-1.1132640125448696,0.7745966692414834,-0.34192736340683294,1.60103814394938,-0.4426341938318415,0.5895838078469561,-0.31418536941100766,-0.291111254869791,-0.3362193900727166,-0.32897584747988445,-0.3779644730092272,-0.37118429085533483,-0.31418536941100766,2.9122983160180347,-0.3216337604513384,-0.3846843677357699,-0.30662207033593325,-0.3643396256679452,-0.35043832202523123,-0.291111254869791,-0.291111254869791,-0.4110350005650343,-0.26670153189093365,-0.2989342772712082,1.4309504001254019,-1.039856150151611,8.19
-1.698227230458905,0.7738807841773317,-0.8558425853034056,-0.6188671797326074,0.793060985525275,0.7745966692414834,1.6937332187361724,0.43332941218003157,-0.4426341938318415,-1.1766587484264783,-0.31418536941100766,-0.291111254869791,-0.3362193900727166,-0.32897584747988445,-0.3779644730092272,-0.37118429085533483,3.182834394468034,-0.343371417172432,-0.3216337604513384,-0.3846843677357699,-0.30662207033593325,-0.3643396256679452,-0.35043832202523123,-0.291111254869791,-0.291111254869791,-0.4110350005650343,-0.26670153189093365,-0.2989342772712082,-0.6988362419217079,0.9616714772078809,1.2
1.3313628113353784,-1.0573223819425857,-0.9070307120664212,0.13222382960931214,0.793060985525275,0.7745966692414834,-0.34192736340683294,-0.7343793195893167,1.477948070930047,-0.6146724805212946,-0.31418536941100766,-0.291111254869791,-0.3362193900727166,-0.32897584747988445,2.6457513110645903,-0.37118429085533483,-0.31418536941100766,-0.343371417172432,-0.3216337604513384,2.599533757729597,-0.30662207033593325,-0.3643396256679452,-0.35043832202523123,-0.291111254869791,-0.291111254869791,-0.4110350005650343,-0.26670153189093365,-0.2989342772712082,-0.6988362419217079,0.9616714772078809,7.84
1.02840380715595,-1.3210908686579688,0.8865224987453928,-0.9027440966492383,-1.1132640125448696,0.7745966692414834,-0.34192736340683294,-0.7343793195893167,-0.4426341938318415,0.10788129249965579,3.182834394468034,-0.291111254869791,-0.3362193900727166,-0.32897584747988445,-0.3779644730092272,-0.37118429085533483,-0.31418536941100766,-0.343371417172432,-0.3216337604513384,-0.3846843677357699,-0.30662207033593325,-0.3643396256679452,-0.35043832202523123,-0.291111254869791,-0.291111254869791,-0.4110350005650343,3.7495097718784205,-0.2989342772712082,-0.6988362419217079,0.9616714772078809,18.400065852861424
0.4224857987970934,-0.10948483721120521,-0.3892431221174562,-0.6425235894756595,-1.1132640125448696,0.7745966692414834,-0.34192736340683294,-0.7343793195893167,-0.4426341938318415,-0.3738212228476445,-0.31418536941100766,-0.291111254869791,-0.3362193900727166,-0.32897584747988445,-0.3779644730092272,2.6940795304016234,-0.31418536941100766,-0.343371417172432,-0.3216337604513384,-0.3846843677357699,-0.30662207033593325,-0.3643396256679452,-0.35043832202523123,-0.291111254869791,-0.291111254869791,2.43288284118223,-0.26670153189093365,-0.2989342772712082,-0.6988362419217079,0.9616714772078809,6.38
0.7254448029765217,-0.33818536730378906,0.12263814551269923,0.7206770219677452,0.793060985525275,0.7745966692414834,-2.3775879455498385,1.60103814394938,-0.4426341938318415,1.0712863231942564,-0.31418536941100766,-0.291111254869791,2.9742484506432625,-0.32897584747988445,-0.3779644730092272,-0.37118429085533483,-0.31418536941100766,-0.343371417172432,-0.3216337604513384,-0.3846843677357699,-0.30662207033593325,-0.3643396256679452,-0.35043832202523123,-0.291111254869791,-0.291111254869791,-0.4110350005650343,-0.26670153189093365,3.3452169123206628,1.4309504001254019,-1.039856150151611,5.95
-0.4863912137411916,0.24509719095935611,-0.7928418139027711,-0.11025437025697646,0.793060985525275,0.7745966692414834,-1.3597576544783356,0.43332941218003157,-0.4426341938318415,-1.6583612637737786,-0.31418536941100766,-0.291111254869791,-0.3362193900727166,-0.32897584747988445,2.6457513110645903,-0.37118429085533483,-0.31418536941100766,-0.343371417172432,-0.3216337604513384,-0.3846843677357699,-0.30662207033593325,-0.3643396256679452,2.853569193634026,-0.291111254869791,-0.291111254869791,-0.4110350005650343,-0.26670153189093365,-0.2989342772712082,-0.6988362419217079,0.9616714772078809,1.43
0.7254448029765217,-0.195935209411151,0.929835529083329,1.439240467912967,0.793060985525275,0.7745966692414834,-0.34192736340683294,0.43332941218003157,-0.4426341938318415,-1.5780775112158953,-0.31418536941100766,3.435112807463534,-0.3362193900727166,-0.32897584747988445,-0.3779644730092272,-0.37118429085533483,-0.31418536941100766,-0.343371417172432,-0.3216337604513384,-0.3846843677357699,-0.30662207033593325,-0.3643396256679452,-0.35043832202523123,3.435112807463534,-0.291111254869791,-0.4110350005650343,-0.26670153189093365,-0.2989342772712082,-0.6988362419217079,0.9616714772078809,6.99
1.02840380715595,-0.9946932878503992,-0.1411775847274578,0.8596584292081788,0.793060985525275,0.7745966692414834,-1.3597576544783356,1.60103814394938,1.477948070930047,-0.21325371773187773,-0.31418536941100766,-0.291111254869791,2.9742484506432625,-0.32897584747988445,-0.3779644730092272,-0.37118429085533483,-0.31418536941100766,-0.343371417172432,-0.3216337604513384,-0.3846843677357699,-0.30662207033593325,2.7446918466985206,-0.35043832202523123,-0.291111254869791,-0.291111254869791,-0.4110350005650343,-0.26670153189093365,-0.2989342772712082,-0.6988362419217079,0.9616714772078809,6.26
0.7254448029765217,-0.6869137025604982,0.2565147847390476,-1.3078601134990138,-1.1132640125448696,-1.2909944487358056,-0.34192736340683294,0.43332941218003157,-0.4426341938318415,1.1515700757521399,-0.31418536941100766,-0.291111254869791,-0.3362193900727166,-0.32897584747988445,-0.3779644730092272,2.6940795304016234,-0.31418536941100766,-0.343371417172432,-0.3216337604513384,-0.3846843677357699,-0.30662207033593325,2.7446918466985206,-0.35043832202523123,-0.291111254869791,-0.291111254869791,-0.4110350005650343,-0.26670153189093365,-0.2989342772712082,1.4309504001254019,-1.039856150151611,5.82
0.11952679461766508,-0.5628479333030212,-0.7121220755457082,-0.19009475313977942,-1.1132640125448696,0.7745966692414834,-0.34192736340683294,-0.7343793195893167,3.3985303356919356,-0.21325371773187773,-0.31418536941100766,-0.291111254869791,2.9742484506432625,-0.32897584747988445,-0.3779644730092272,-0.37118429085533483,-0.31418536941100766,-0.343371417172432,-0.3216337604513384,-0.3846843677357699,-0.30662207033593325,-0.3643396256679452,-0.35043832202523123,3.435112807463534,-0.291111254869791,-0.4110350005650343,-0.26670153189093365,-0.2989342772712082,-0.6988362419217079,0.9616714772078809,3.96
-0.4863912137411916,0.5822807429693014,-1.4760064287784016,-1.6893197206057364,-0.16010151350979732,-1.2909944487358056,-0.34192736340683294,-0.7343793195893167,-0.4426341938318415,-1.497793758658012,-0.31418536941100766,-0.291111254869791,-0.3362193900727166,-0.32897584747988445,-0.3779644730092272,-0.37118429085533483,3.182834394468034,-0.343371417172432,-0.3216337604513384,-0.3846843677357699,-0.30662207033593325,-0.3643396256679452,-0.35043832202523123,-0.291111254869791,-0.291111254869791,-0.4110350005650343,-0.26670153189093365,3.3452169123206628,-0.6988362419217079,0.9616714772078809,3.36
-0.18343220956176326,0.25024627268913346,-0.37743047747983727,-0.731235126012107,0.793060985525275,0.7745966692414834,0.6759029276646698,2.7687468757187284,-0.4426341938318415,-0.9358074907528282,3.182834394468034,-0.291111254869791,-0.3362193900727166,-0.32897584747988445,-0.3779644730092272,-0.37118429085533483,-0.31418536941100766,-0.343371417172432,-0.3216337604513384,-0.3846843677357699,-0.30662207033593325,2.7446918466985206,-0.35043832202523123,-0.291111254869791,-0.291111254869791,-0.4110350005650343,-0.26670153189093365,-0.2989342772712082,-0.6988362419217079,0.9616714772078809,3.07
-1.3952682262794767,1.087188857219204,1.3019338351683267,0.15292318813448283,-1.1132640125448696,0.7745966692414834,0.6759029276646698,-0.7343793195893167,3.3985303356919356,1.6332725910994401,-0.31418536941100766,-0.291111254869791,-0.3362193900727166,-0.32897584747988445,-0.3779644730092272,2.6940795304016234,-0.31418536941100766,-0.343371417172432,-0.3216337604513384,-0.3846843677357699,-0.30662207033593325,-0.3643396256679452,-0.35043832202523123,3.435112807463534,-0.291111254869791,-0.4110350005650343,-0.26670153189093365,-0.2989342772712082,1.4309504001254019,-1.039856150151611,1.73
0.7254448029765217,-0.7497867005240951,-0.5250885354500744,-0.14573898487155584,-2.0664265115799423,0.7745966692414834,-1.3597576544783356,-0.7343793195893167,-0.4426341938318415,0.7501513129627229,-0.31418536941100766,-0.291111254869791,-0.3362193900727166,-0.32897584747988445,-0.3779644730092272,-0.37118429085533483,3.182834394468034,-0.343371417172432,-0.3216337604513384,-0.3846843677357699,-0.30662207033593325,2.7446918466985206,-0.35043832202523123,-0.291111254869791,-0.291111254869791,-0.4110350005650343,-0.26670153189093365,-0.2989342772712082,1.4309504001254019,-1.039856150151611,6.78
-0.7893502179206199,-0.22590828516448644,-0.9720002575733255,-1.4793690841361449,0.793060985525275,0.7745966692414834,-0.34192736340683294,0.43332941218003157,-0.4426341938318415,-0.13296996517399434,-0.31418536941100766,-0.291111254869791,-0.3362193900727166,-0.32897584747988445,-0.3779644730092272,-0.37118429085533483,-0.31418536941100766,2.9122983160180347,-0.3216337604513384,-0.3846843677357699,-0.30662207033593325,-0.3643396256679452,-0.35043832202523123,-0.291111254869791,-0.291111254869791,-0.4110350005650343,-0.26670153189093365,-0.2989342772712082,-0.6988362419217079,0.9616714772078809,2.19
0.11952679461766508,0.17962255170071378,-0.7436224612460254,-0.988498581967804,-1.1132640125448696,-1.2909944487358056,-0.34192736340683294,1.60103814394938,-0.4426341938318415,-0.5343887279634113,-0.31418536941100766,-0.291111254869791,-0.3362193900727166,-0.32897584747988445,-0.3779644730092272,-0.37118429085533483,-0.31418536941100766,-0.343371417172432,-0.3216337604513384,-0.3846843677357699,-0.30662207033593325,-0.3643396256679452,-0.35043832202523123,-0.291111254869791,-0.291111254869791,-0.4110350005650343,-0.26670153189093365,3.3452169123206628,-0.6988362419217079,0.9616714772078809,4.35
-1.0923092221000483,0.5724703872525677,0.8943975951704721,0.06716870281591789,0.793060985525275,0.7745966692414834,1.6937332187361724,0.43332941218003157,-0.4426341938318415,-1.1766587484264783,-0.31418536941100766,-0.291111254869791,-0.3362193900727166,-0.32897584747988445,-0.3779644730092272,-0.37118429085533483,-0.31418536941100766,2.9122983160180347,-0.3216337604513384,-0.3846843677357699,-0.30662207033593325,-0.3643396256679452,-0.35043832202523123,-0.291111254869791,-0.291111254869791,-0.4110350005650343,3.7495097718784205,-0.2989342772712082,1.4309504001254019,-1.039856150151611,2.57
-0.4863912137411916,0.38314678217770215,-1.3066918556391964,-0.13686783121791077,0.793060985525275,0.7745966692414834,-1.3597576544783356,-0.7343793195893167,-0.4426341938318415,-0.13296996517399434,-0.31418536941100766,-0.291111254869791,-0.3362193900727166,-0.32897584747988445,-0.3779644730092272,-0.37118429085533483,-0.31418536941100766,-0.343371417172432,-0.3216337604513384,-0.3846843677357699,-0.30662207033593325,-0.3643396256679452,2.853569193634026,-0.291111254869791,-0.291111254869791,-0.4110350005650343,-0.26670153189093365,-0.2989342772712082,-0.6988362419217079,-1.039856150151611,3.79
0.4224857987970934,-0.3321419713788399,1.3452468655062628,0.519597539151798,0.793060985525275,0.7745966692414834,-0.34192736340683294,-0.7343793195893167,-0.4426341938318415,-1.738645016331662,-0.31418536941100766,-0.291111254869791,-0.3362193900727166,-0.32897584747988445,-0.3779644730092272,2.6940795304016234,-0.31418536941100766,-0.343371417172432,-0.3216337604513384,2.599533757729597,-0.30662207033593325,-0.3643396256679452,-0.35043832202523123,-0.291111254869791,-0.291111254869791,-0.4110350005650343,-0.26670153189093365,-0.2989342772712082,-0.6988362419217079,0.9616714772078809,4.73
-0.4863912137411916,-0.8087843369752807,-0.2356787418284096,-0.36160372377691014,0.793060985525275,0.7745966692414834,-1.3597576544783356,-0.7343793195893167,-0.4426341938318415,0.5895838078469561,3.182834394468034,-0.291111254869791,-0.3362193900727166,-0.32897584747988445,-0.3779644730092272,-0.37118429085533483,-0.31418536941100766,-0.343371417172432,-0.3216337604513384,-0.3846843677357699,-0.30662207033593325,-0.3643396256679452,-0.35043832202523123,-0.291111254869791,-0.291111254869791,-0.4110350005650343,-0.26670153189093365,-0.2989342772712082,1.4309504001254019,-1.039856150151611,2.94
0.7254448029765217,-0.3091337061757822,0.6798012175870608,-0.5005851310173446,0.793060985525275,-1.2909944487358056,0.6759029276646698,-0.7343793195893167,-0.4426341938318415,-1.4175100061001285,-0.31418536941100766,-0.291111254869791,2.9742484506432625,-0.32897584747988445,-0.3779644730092272,-0.37118429085533483,-0.31418536941100766,-0.343371417172432,-0.3216337604513384,-0.3846843677357699,3.261343839027654,-0.3643396256679452,-0.35043832202523123,-0.291111254869791,-0.291111254869791,-0.4110350005650343,-0.26670153189093365,-0.2989342772712082,-0.6988362419217079,0.9616714772078809,6.53
0.11952679461766508,-0.3587003929324282,-0.08211436153936295,-0.44144410665971306,0.793060985525275,-1.2909944487358056,1.6937332187361724,-0.7343793195893167,3.3985303356919356,1.4727050859836732,-0.31418536941100766,-0.291111254869791,-0.3362193900727166,-0.32897584747988445,-0.3779644730092272,-0.37118429085533483,-0.31418536941100766,-0.343371417172432,3.1091263510296048,-0.3846843677357699,-0.30662207033593325,2.7446918466985206,-0.35043832202523123,-0.291111254869791,-0.291111254869791,-0.4110350005650343,-0.26670153189093365,-0.2989342772712082,-0.6988362419217079,0.9616714772078809,5.93
1.6343218155148067,-0.9666714430683478,0.05569982589952506,0.9601981706161524,-1.1132640125448696,0.7745966692414834,-0.34192736340683294,1.60103814394938,-0.4426341938318415,-1.2569425009843618,-0.31418536941100766,-0.291111254869791,2.9742484506432625,-0.32897584747988445,-0.3779644730092272,-0.37118429085533483,-0.31418536941100766,-0.343371417172432,-0.3216337604513384,2.599533757729597,-0.30662207033593325,-0.3643396256679452,-0.35043832202523123,-0.291111254869791,-0.291111254869791,-0.4110350005650343,-0.26670153189093365,-0.2989342772712082,1.4309504001254019,-1.039856150151611,7.99
-1.698227230458905,1.6275985349744138,3.44592883689617,-0.8169896113306725,-0.16010151350979732,0.7745966692414834,-0.34192736340683294,-0.7343793195893167,1.477948070930047,-1.0160912433107117,-0.31418536941100766,-0.291111254869791,-0.3362193900727166,-0.32897584747988445,-0.3779644730092272,-0.37118429085533483,-0.31418536941100766,-0.343371417172432,3.1091263510296048,-0.3846843677357699,-0.30662207033593325,-0.3643396256679452,-0.35043832202523123,-0.291111254869791,3.435112807463534,-0.4110350005650343,-0.26670153189093365,-0.2989342772712082,1.4309504001254019,-1.039856150151611,1.2
1.3313628113353784,-1.6768111148951126,-0.678652915739121,0.1410949832629572,-2.0664265115799423,0.7745966692414834,1.6937332187361724,-0.7343793195893167,-0.4426341938318415,1.0712863231942564,-0.31418536941100766,-0.291111254869791,-0.3362193900727166,-0.32897584747988445,-0.3779644730092272,2.6940795304016234,-0.31418536941100766,-0.343371417172432,-0.3216337604513384,-0.3846843677357699,-0.30662207033593325,-0.3643396256679452,-0.35043832202523123,-0.291111254869791,3.435112807463534,-0.4110350005650343,-0.26670153189093365,-0.2989342772712082,-0.6988362419217079,0.9616714772078809,9.16
-0.4863912137411916,1.088679380877824,0.14823220889420702,0.11152447108414147,0.793060985525275,0.7745966692414834,-0.34192736340683294,-0.7343793195893167,-0.4426341938318415,0.6698675604048395,-0.31418536941100766,-0.291111254869791,-0.3362193900727166,-0.32897584747988445,-0.3779644730092272,-0.37118429085533483,-0.31418536941100766,2.9122983160180347,-0.3216337604513384,2.599533757729597,-0.30662207033593325,-0.3643396256679452,-0.35043832202523123,-0.291111254869791,-0.291111254869791,-0.4110350005650343,-0.26670153189093365,-0.2989342772712082,-0.6988362419217079,0.9616714772078809,4.17
-1.0923092221000483,0.7447207213286979,0.6049878015488073,1.6403199507289141,0.793060985525275,-1.2909944487358056,0.6759029276646698,0.43332941218003157,-0.4426341938318415,0.5895838078469561,-0.31418536941100766,-0.291111254869791,-0.3362193900727166,-0.32897584747988445,-0.3779644730092272,-0.37118429085533483,3.182834394468034,-0.343371417172432,-0.3216337604513384,-0.3846843677357699,-0.30662207033593325,-0.3643396256679452,-0.35043832202523123,-0.291111254869791,-0.291111254869791,-0.4110350005650343,-0.26670153189093365,-0.2989342772712082,1.4309504001254019,-1.039856150151611,1.93
-0.18343220956176326,0.046478138340734595,-0.01911359013872843,-0.5892966675537917,0.793060985525275,0.7745966692414834,0.6759029276646698,-0.7343793195893167,-0.4426341938318415,-0.6146724805212946,-0.31418536941100766,-0.291111254869791,-0.3362193900727166,-0.32897584747988445,2.6457513110645903,-0.37118429085533483,-0.31418536941100766,-0.343371417172432,-0.3216337604513384,-0.3846843677357699,-0.30662207033593325,-0.3643396256679452,-0.35043832202523123,-0.291111254869791,-0.291111254869791,2.43288284118223,-0.26670153189093365,-0.2989342772712082,-0.6988362419217079,-1.039856150151611,4.25
0.11952679461766508,-0.5385117470222841,0.6364881872491245,0.3747020294756008,0.793060985525275,0.7745966692414834,-0.34192736340683294,-0.7343793195893167,3.3985303356919356,-1.0160912433107117,-0.31418536941100766,-0.291111254869791,-0.3362193900727166,-0.32897584747988445,-0.3779644730092272,-0.37118429085533483,-0.31418536941100766,-0.343371417172432,3.1091263510296048,-0.3846843677357699,-0.30662207033593325,-0.3643396256679452,-0.35043832202523123,-0.291111254869791,-0.291111254869791,-0.4110350005650343,-0.26670153189093365,-0.2989342772712082,-0.6988362419217079,-1.039856150151611,4.94
0.7254448029765217,0.23978550664863843,-0.21008467844690182,-1.4704979304825003,0.793060985525275,0.7745966692414834,0.6759029276646698,2.7687468757187284,-0.4426341938318415,-0.9358074907528282,-0.31418536941100766,-0.291111254869791,-0.3362193900727166,-0.32897584747988445,-0.3779644730092272,-0.37118429085533483,3.182834394468034,-0.343371417172432,-0.3216337604513384,2.599533757729597,-0.30662207033593325,-0.3643396256679452,-0.35043832202523123,-0.291111254869791,-0.291111254869791,-0.4110350005650343,-0.26670153189093365,-0.2989342772712082,-0.6988362419217079,-1.039856150151611,5.15
-1.0923092221000483,0.8175666775899689,-0.22780364540333028,1.3682712386838098,-0.16010151350979732,0.7745966692414834,-0.34192736340683294,-0.7343793195893167,-0.4426341938318415,-0.3738212228476445,-0.31418536941100766,-0.291111254869791,2.9742484506432625,-0.32897584747988445,-0.3779644730092272,-0.37118429085533483,-0.31418536941100766,-0.343371417172432,-0.3216337604513384,-0.3846843677357699,-0.30662207033593325,-0.3643396256679452,-0.35043832202523123,-0.291111254869791,-0.291111254869791,2.43288284118223,-0.26670153189093365,-0.2989342772712082,-0.6988362419217079,0.9616714772078809,3.72
1.6343218155148067,-1.2201688667543331,-0.34789886588578983,0.5905667683809559,0.793060985525275,-1.2909944487358056,-0.34192736340683294,0.43332941218003157,-0.4426341938318415,0.10788129249965579,-0.31418536941100766,-0.291111254869791,-0.3362193900727166,-0.32897584747988445,-0.3779644730092272,-0.37118429085533483,3.182834394468034,-0.343371417172432,-0.3216337604513384,2.599533757729597,-0.30662207033593325,-0.3643396256679452,-0.35043832202523123,-0.291111254869791,-0.291111254869791,-0.4110350005650343,-0.26670153189093365,-0.2989342772712082,1.4309504001254019,-1.039856150151611,8.96
1.6343218155148067,-1.687027977064197,0.8825849505328531,0.5255116415875616,0.793060985525275,0.7745966692414834,-0.34192736340683294,-0.7343793195893167,-0.4426341938318415,-0.21325371773187773,-0.31418536941100766,-0.291111254869791,-0.3362193900727166,-0.32897584747988445,2.6457513110645903,-0.37118429085533483,-0.31418536941100766,-0.343371417172432,-0.3216337604513384,2.599533757729597,-0.30662207033593325,-0.3643396256679452,-0.35043832202523123,-0.291111254869791,-0.291111254869791,-0.4110350005650343,-0.26670153189093365,-0.2989342772712082,-0.6988362419217079,0.9616714772078809,9.36
-0.4863912137411916,0.8723908477970191,0.1127942749813501,-0.12503962634638432,-2.0664265115799423,0.7745966692414834,-0.34192736340683294,0.43332941218003157,1.477948070930047,-1.6583612637737786,-0.31418536941100766,-0.291111254869791,-0.3362193900727166,-0.32897584747988445,2.6457513110645903,-0.37118429085533483,-0.31418536941100766,-0.343371417172432,-0.3216337604513384,2.599533757729597,-0.30662207033593325,-0.3643396256679452,-0.35043832202523123,-0.291111254869791,-0.291111254869791,-0.4110350005650343,-0.26670153189093365,-0.2989342772712082,-0.6988362419217079,-1.039856150151611,2.37
-0.4863912137411916,0.039432026499986665,0.07538756696222335,0.08491101012320716,0.793060985525275,0.7745966692414834,-1.3597576544783356,-0.7343793195893167,-0.4426341938318415,0.6698675604048395,-0.31418536941100766,-0.291111254869791,-0.3362193900727166,-0.32897584747988445,-0.3779644730092272,2.6940795304016234,-0.31418536941100766,-0.343371417172432,-0.3216337604513384,-0.3846843677357699,-0.30662207033593325,-0.3643396256679452,-0.35043832202523123,-0.291111254869791,-0.291111254869791,-0.4110350005650343,-0.26670153189093365,3.3452169123206628,1.4309504001254019,-1.039856150151611,2.03
1.3313628113353784,-0.42807749413363866,-0.7829979433714219,0.9838545803592054,-1.1132640125448696,0.7745966692414834,0.6759029276646698,0.43332941218003157,-0.4426341938318415,-0.8555237381949448,-0.31418536941100766,-0.291111254869791,-0.3362193900727166,-0.32897584747988445,2.6457513110645903,-0.37118429085533483,-0.31418536941100766,-0.343371417172432,-0.3216337604513384,2.599533757729597,-0.30662207033593325,-0.3643396256679452,-0.35043832202523123,-0.291111254869791,-0.291111254869791,-0.4110350005650343,-0.26670153189093365,-0.2989342772712082,-0.6988362419217079,0.9616714772078809,7.92
0.7254448029765217,0.5080797652001943,-0.8853741968974531,-0.32020500672656876,0.793060985525275,0.7745966692414834,-0.34192736340683294,-0.7343793195893167,-0.4426341938318415,-0.2935374702897611,-0.31418536941100766,-0.291111254869791,-0.3362193900727166,-0.32897584747988445,2.6457513110645903,-0.37118429085533483,-0.31418536941100766,-0.343371417172432,-0.3216337604513384,-0.3846843677357699,-0.30662207033593325,2.7446918466985206,-0.35043832202523123,-0.291111254869791,-0.291111254869791,-0.4110350005650343,-0.26670153189093365,-0.2989342772712082,-0.6988362419217079,0.9616714772078809,6.08
-0.7893502179206199,1.5221236608044486,2.4536666873361765,2.4949077526966885,0.793060985525275,0.7745966692414834,-0.34192736340683294,1.60103814394938,1.477948070930047,-0.5343887279634113,-0.31418536941100766,-0.291111254869791,-0.3362193900727166,-0.32897584747988445,-0.3779644730092272,-0.37118429085533483,-0.31418536941100766,2.9122983160180347,-0.3216337604513384,-0.3846843677357699,-0.30662207033593325,-0.3643396256679452,-0.35043832202523123,-0.291111254869791,-0.291111254869791,-0.4110350005650343,-0.26670153189093365,3.3452169123206628,-0.6988362419217079,-1.039856150151611,2.75
-1.0923092221000483,1.0880018701239058,-0.6314023371886451,0.04351229307286497,0.793060985525275,0.7745966692414834,-0.34192736340683294,-0.7343793195893167,-0.4426341938318415,0.18816504505753917,-0.31418536941100766,-0.291111254869791,-0.3362193900727166,-0.32897584747988445,2.6457513110645903,-0.37118429085533483,-0.31418536941100766,-0.343371417172432,-0.3216337604513384,-0.3846843677357699,-0.30662207033593325,2.7446918466985206,-0.35043832202523123,-0.291111254869791,-0.291111254869791,-0.4110350005650343,-0.26670153189093365,-0.2989342772712082,-0.6988362419217079,0.9616714772078809,1.22
1.6343218155148067,-1.6035586521814909,-0.7928418139027711,-0.0925120629496872,-1.1132640125448696,0.7745966692414834,-1.3597576544783356,-0.7343793195893167,-0.4426341938318415,1.3121375808679065,-0.31418536941100766,-0.291111254869791,-0.3362193900727166,-0.32897584747988445,-0.3779644730092272,-0.37118429085533483,-0.31418536941100766,-0.343371417172432,-0.3216337604513384,-0.3846843677357699,3.261343839027654,-0.3643396256679452,-0.35043832202523123,-0.291111254869791,-0.291111254869791,-0.4110350005650343,-0.26670153189093365,-0.2989342772712082,1.4309504001254019,-1.039856150151611,7.95
-0.7893502179206199,0.8606292611090014,-0.2908044168039648,1.146492397342692,-1.1132640125448696,0.7745966692414834,-1.3597576544783356,-0.7343793195893167,-0.4426341938318415,-0.8555237381949448,-0.31418536941100766,-0.291111254869791,-0.3362193900727166,-0.32897584747988445,-0.3779644730092272,-0.37118429085533483,-0.31418536941100766,-0.343371417172432,3.1091263510296048,-0.3846843677357699,-0.30662207033593325,-0.3643396256679452,-0.35043832202523123,-0.291111254869791,-0.291111254869791,2.43288284118223,-0.26670153189093365,-0.2989342772712082,1.4309504001254019,-1.039856150151611,1.61
0.11952679461766508,0.5792996956520619,-1.2810977922576887,-1.2280197306162113,-1.1132640125448696,-1.2909944487358056,1.6937332187361724,0.43332941218003157,-0.4426341938318415,0.26844879761542256,3.182834394468034,-0.291111254869791,-0.3362193900727166,-0.32897584747988445,-0.3779644730092272,-0.37118429085533483,-0.31418536941100766,-0.343371417172432,-0.3216337604513384,-0.3846843677357699,-0.30662207033593325,-0.3643396256679452,2.853569193634026,-0.291111254869791,-0.291111254869791,-0.4110350005650343,-0.26670153189093365,-0.2989342772712082,-0.6988362419217079,0.9616714772078809,4.32
-1.698227230458905,0.6433109116822412,0.061606148218334544,0.12926677839143075,-0.16010151350979732,-1.2909944487358056,-0.34192736340683294,1.60103814394938,1.477948070930047,-1.4175100061001285,-0.31418536941100766,-0.291111254869791,-0.3362193900727166,3.0397368307141326,-0.3779644730092272,-0.37118429085533483,-0.31418536941100766,-0.343371417172432,-0.3216337604513384,2.599533757729597,-0.30662207033593325,-0.3643396256679452,-0.35043832202523123,-0.291111254869791,-0.291111254869791,-0.4110350005650343,-0.26670153189093365,-0.2989342772712082,-0.6988362419217079,-1.039856150151611,1.2
0.11952679461766508,-0.11441711549972876,0.30179658918325364,-1.0387684526717904,0.793060985525275,0.7745966692414834,-0.34192736340683294,0.43332941218003157,-0.4426341938318415,0.5895838078469561,-0.31418536941100766,-0.291111254869791,-0.3362193900727166,-0.32897584747988445,-0.3779644730092272,-0.37118429085533483,-0.31418536941100766,2.9122983160180347,-0.3216337604513384,-0.3846843677357699,-0.30662207033593325,-0.3643396256679452,-0.35043832202523123,-0.291111254869791,-0.291111254869791,-0.4110350005650343,-0.26670153189093365,-0.2989342772712082,-0.6988362419217079,0.9616714772078809,5.07
1.3313628113353784,0.3885668682090467,-1.4760064287784016,-1.328559472024185,-1.1132640125448696,-1.2909944487358056,-0.34192736340683294,-0.7343793195893167,-0.4426341938318415,-1.0963749958685949,-0.31418536941100766,3.435112807463534,-0.3362193900727166,-0.32897584747988445,-0.3779644730092272,-0.37118429085533483,-0.31418536941100766,-0.343371417172432,-0.3216337604513384,-0.3846843677357699,-0.30662207033593325,-0.3643396256679452,-0.35043832202523123,3.435112807463534,-0.291111254869791,-0.4110350005650343,-0.26670153189093365,-0.2989342772712082,-0.6988362419217079,0.9616714772078809,8.26
-0.7893502179206199,0.23496163008074178,-1.4760064287784016,-0.05998449955299007,-1.1132640125448696,-1.2909944487358056,-0.34192736340683294,-0.7343793195893167,1.477948070930047,-0.7752399856370614,-0.31418536941100766,-0.291111254869791,2.9742484506432625,-0.32897584747988445,-0.3779644730092272,-0.37118429085533483,-0.31418536941100766,-0.343371417172432,-0.3216337604513384,-0.3846843677357699,3.261343839027654,-0.3643396256679452,-0.35043832202523123,-0.291111254869791,-0.291111254869791,-0.4110350005650343,-0.26670153189093365,-0.2989342772712082,-0.6988362419217079,-1.039856150151611,3.07
-0.4863912137411916,0.0743915814021591,0.5675810935296806,0.3333033124252594,-1.1132640125448696,0.7745966692414834,-1.3597576544783356,-0.7343793195893167,-0.4426341938318415,0.027597539941772414,-0.31418536941100766,-0.291111254869791,-0.3362193900727166,-0.32897584747988445,-0.3779644730092272,-0.37118429085533483,3.182834394468034,-0.343371417172432,-0.3216337604513384,-0.3846843677357699,-0.30662207033593325,2.7446918466985206,-0.35043832202523123,-0.291111254869791,-0.291111254869791,-0.4110350005650343,-0.26670153189093365,-0.2989342772712082,-0.6988362419217079,0.9616714772078809,3.3
-0.4863912137411916,0.5801940098472337,0.21910807671992086,-0.25219282871529225,-1.1132640125448696,0.7745966692414834,-0.34192736340683294,-0.7343793195893167,-0.4426341938318415,-1.4175100061001285,-0.31418536941100766,-0.291111254869791,-0.3362193900727166,-0.32897584747988445,-0.3779644730092272,2.6940795304016234,-0.31418536941100766,-0.343371417172432,-0.3216337604513384,-0.3846843677357699,-0.30662207033593325,-0.3643396256679452,2.853569193634026,-0.291111254869791,-0.291111254869791,-0.4110350005650343,-0.26670153189093365,-0.2989342772712082,-0.6988362419217079,0.9616714772078809,3.9
-1.698227230458905,0.7525798460741475,0.46126729179110976,-1.6153934401586971,-1.1132640125448696,-1.2909944487358056,-1.3597576544783356,0.43332941218003157,-0.4426341938318415,1.3121375808679065,-0.31418536941100766,-0.291111254869791,-0.3362193900727166,-0.32897584747988445,-0.3779644730092272,-0.37118429085533483,-0.31418536941100766,-0.343371417172432,-0.3216337604513384,-0.3846843677357699,-0.30662207033593325,-0.3643396256679452,2.853569193634026,-0.291111254869791,-0.291111254869791,-0.4110350005650343,-0.26670153189093365,-0.2989342772712082,-0.6988362419217079,0.9616714772078809,1.2
-1.3952682262794767,1.0608472391068695,-1.4641937841407826,-1.4350133158679212,0.793060985525275,0.7745966692414834,-1.3597576544783356,-0.7343793195893167,-0.4426341938318415,1.1515700757521399,-0.31418536941100766,-0.291111254869791,-0.3362193900727166,-0.32897584747988445,2.6457513110645903,-0.37118429085533483,-0.31418536941100766,-0.343371417172432,-0.3216337604513384,-0.3846843677357699,-0.30662207033593325,-0.3643396256679452,-0.35043832202523123,3.435112807463534,-0.291111254869791,-0.4110350005650343,-0.26670153189093365,-0.2989342772712082,1.4309504001254019,-1.039856150151611,1.2
-0.7893502179206199,0.24628960988625193,-1.3736301752523705,-1.8164729229746444,0.793060985525275,0.7745966692414834,0.6759029276646698,0.43332941218003157,-0.4426341938318415,0.6698675604048395,-0.31418536941100766,-0.291111254869791,2.9742484506432625,-0.32897584747988445,-0.3779644730092272,-0.37118429085533483,-0.31418536941100766,-0.343371417172432,-0.3216337604513384,2.599533757729597,-0.30662207033593325,-0.3643396256679452,-0.35043832202523123,-0.291111254869791,-0.291111254869791,-0.4110350005650343,-0.26670153189093365,-0.2989342772712082,-0.6988362419217079,0.9616714772078809,1.95
-1.3952682262794767,-1.9742112354349888,0.492767677491427,-0.1634812921788451,-2.0664265115799423,-1.2909944487358056,-0.34192736340683294,-0.7343793195893167,-0.4426341938318415,0.42901630273118935,3.182834394468034,-0.291111254869791,-0.3362193900727166,-0.32897584747988445,-0.3779644730092272,-0.37118429085533483,-0.31418536941100766,-0.343371417172432,-0.3216337604513384,-0.3846843677357699,-0.30662207033593325,-0.3643396256679452,-0.35043832202523123,-0.291111254869791,-0.291111254869791,-0.4110350005650343,-0.26670153189093365,3.3452169123206628,1.4309504001254019,-1.039856150151611,16.9
0.4224857987970934,-1.3844516743643869,-1.4760064287784016,-1.2339338330519745,0.793060985525275,0.7745966692414834,-0.34192736340683294,0.43332941218003157,1.477948070930047,0.9107188180784896,-0.31418536941100766,3.435112807463534,-0.3362193900727166,-0.32897584747988445,-0.3779644730092272,-0.37118429085533483,-0.31418536941100766,-0.343371417172432,-0.3216337604513384,-0.3846843677357699,-0.30662207033593325,-0.3643396256679452,-0.35043832202523123,-0.291111254869791,-0.291111254869791,-0.4110350005650343,-0.26670153189093365,-0.2989342772712082,-0.6988362419217079,-1.039856150151611,5.79
0.4224857987970934,-1.0278100135019146,0.09113775981238198,-0.8790876869061858,0.793060985525275,0.7745966692414834,-0.34192736340683294,-0.7343793195893167,-0.4426341938318415,1.0712863231942564,-0.31418536941100766,-0.291111254869791,-0.3362193900727166,-0.32897584747988445,-0.3779644730092272,2.6940795304016234,-0.31418536941100766,-0.343371417172432,-0.3216337604513384,-0.3846843677357699,-0.30662207033593325,-0.3643396256679452,-0.35043832202523123,-0.291111254869791,-0.291111254869791,2.43288284118223,-0.26670153189093365,-0.2989342772712082,-0.6988362419217079,-1.039856150151611,6.22
1.3313628113353784,-0.6894611429952302,0.5085178703415857,0.5462110001127323,-1.1132640125448696,-1.2909944487358056,-0.34192736340683294,0.43332941218003157,1.477948070930047,0.027597539941772414,-0.31418536941100766,-0.291111254869791,-0.3362193900727166,-0.32897584747988445,-0.3779644730092272,-0.37118429085533483,-0.31418536941100766,-0.343371417172432,-0.3216337604513384,2.599533757729597,-0.30662207033593325,-0.3643396256679452,-0.35043832202523123,-0.291111254869791,-0.291111254869791,-0.4110350005650343,-0.26670153189093365,-0.2989342772712082,-0.6988362419217079,0.9616714772078809,6.74
0.11952679461766508,-0.8867522745361723,-0.8420611665595168,-0.42961590178818665,-1.1132640125448696,-1.2909944487358056,0.6759029276646698,-0.7343793195893167,-0.4426341938318415,-0.2935374702897611,-0.31418536941100766,3.435112807463534,-0.3362193900727166,-0.32897584747988445,-0.3779644730092272,-0.37118429085533483,-0.31418536941100766,-0.343371417172432,-0.3216337604513384,-0.3846843677357699,-0.30662207033593325,-0.3643396256679452,2.853569193634026,-0.291111254869791,-0.291111254869791,-0.4110350005650343,-0.26670153189093365,-0.2989342772712082,-0.6988362419217079,-1.039856150151611,6.45
-0.7893502179206199,0.5379986400932163,-1.4760064287784016,-2.931281232115997,-0.16010151350979732,-1.2909944487358056,0.6759029276646698,-0.7343793195893167,-0.4426341938318415,1.1515700757521399,-0.31418536941100766,-0.291111254869791,-0.3362193900727166,-0.32897584747988445,2.6457513110645903,-0.37118429085533483,-0.31418536941100766,-0.343371417172432,-0.3216337604513384,-0.3846843677357699,-0.30662207033593325,-0.3643396256679452,-0.35043832202523123,-0.291111254869791,-0.291111254869791,-0.4110350005650343,3.7495097718784205,-0.2989342772712082,-0.6988362419217079,0.9616714772078809,2.98
-0.4863912137411916,0.9194371945490899,0.8274592755572979,0.6881494585710481,0.793060985525275,-1.2909944487358056,-0.34192736340683294,1.60103814394938,-0.4426341938318415,-1.4175100061001285,3.182834394468034,-0.291111254869791,-0.3362193900727166,-0.32897584747988445,-0.3779644730092272,-0.37118429085533483,-0.31418536941100766,-0.343371417172432,-0.3216337604513384,-0.3846843677357699,3.261343839027654,-0.3643396256679452,-0.35043832202523123,-0.291111254869791,-0.291111254869791,-0.4110350005650343,-0.26670153189093365,-0.2989342772712082,1.4309504001254019,-1.039856150151611,2.86
-1.698227230458905,0.9802234593906192,-0.8912805192162625,-0.615910128514726,0.793060985525275,0.7745966692414834,-0.34192736340683294,0.43332941218003157,-0.4426341938318415,-0.3738212228476445,-0.31418536941100766,-0.291111254869791,-0.3362193900727166,3.0397368307141326,-0.3779644730092272,-0.37118429085533483,-0.31418536941100766,-0.343371417172432,-0.3216337604513384,-0.3846843677357699,-0.30662207033593325,-0.3643396256679452,-0.35043832202523123,-0.291111254869791,-0.291111254869791,-0.4110350005650343,-0.26670153189093365,3.3452169123206628,-0.6988362419217079,0.9616714772078809,1.2
0.11952679461766508,-0.4563703432172573,-0.21599100076571132,0.3066898514643251,0.793060985525275,0.7745966692414834,0.6759029276646698,-0.7343793195893167,-0.4426341938318415,0.6698675604048395,-0.31418536941100766,-0.291111254869791,-0.3362193900727166,-0.32897584747988445,-0.3779644730092272,-0.37118429085533483,-0.31418536941100766,-0.343371417172432,3.1091263510296048,-0.3846843677357699,-0.30662207033593325,-0.3643396256679452,-0.35043832202523123,-0.291111254869791,-0.291111254869791,2.43288284118223,-0.26670153189093365,-0.2989342772712082,1.4309504001254019,-1.039856150151611,4.85
-0.18343220956176326,-0.08303481737824374,-0.656996400570153,0.4279289513974694,0.793060985525275,-1.2909944487358056,0.6759029276646698,1.60103814394938,-0.4426341938318415,1.1515700757521399,-0.31418536941100766,-0.291111254869791,-0.3362193900727166,3.0397368307141326,-0.3779644730092272,-0.37118429085533483,-0.31418536941100766,-0.343371417172432,-0.3216337604513384,-0.3846843677357699,-0.30662207033593325,2.7446918466985206,-0.35043832202523123,-0.291111254869791,-0.291111254869791,-0.4110350005650343,-0.26670153189093365,-0.2989342772712082,1.4309504001254019,-1.039856150151611,4.25
1.3313628113353784,-1.0784878178949862,0.10688795266254061,0.48411292453721944,0.793060985525275,-1.2909944487358056,-1.3597576544783356,-0.7343793195893167,-0.4426341938318415,0.7501513129627229,-0.31418536941100766,-0.291111254869791,-0.3362193900727166,-0.32897584747988445,-0.3779644730092272,-0.37118429085533483,-0.31418536941100766,-0.343371417172432,-0.3216337604513384,-0.3846843677357699,-0.30662207033593325,-0.3643396256679452,-0.35043832202523123,-0.291111254869791,-0.291111254869791,-0.4110350005650343,3.7495097718784205,-0.2989342772712082,-0.6988362419217079,0.9616714772078809,8.03
1.3313628113353784,-0.49008327833222043,-0.07817681332682329,-0.8258607649843175,0.793060985525275,-1.2909944487358056,-0.34192736340683294,1.60103814394938,-0.4426341938318415,1.3121375808679065,-0.31418536941100766,-0.291111254869791,-0.3362193900727166,-0.32897584747988445,-0.3779644730092272,2.6940795304016234,-0.31418536941100766,-0.343371417172432,-0.3216337604513384,2.599533757729597,-0.30662207033593325,-0.3643396256679452,-0.35043832202523123,-0.291111254869791,-0.291111254869791,-0.4110350005650343,-0.26670153189093365,-0.2989342772712082,-0.6988362419217079,0.9616714772078809,6.68
1.3313628113353784,-1.1490844384532493,0.06751247053714403,-0.6839223065260017,0.793060985525275,0.7745966692414834,0.6759029276646698,-0.7343793195893167,-0.4426341938318415,0.34873255017330596,-0.31418536941100766,-0.291111254869791,2.9742484506432625,-0.32897584747988445,-0.3779644730092272,-0.37118429085533483,-0.31418536941100766,-0.343371417172432,-0.3216337604513384,-0.3846843677357699,-0.30662207033593325,2.7446918466985206,-0.35043832202523123,-0.291111254869791,-0.291111254869791,-0.4110350005650343,-0.26670153189093365,-0.2989342772712082,-0.6988362419217079,0.9616714772078809,8.65
0.11952679461766508,-0.015879951449884605,-0.18055306685285438,0.3954013880007723,-1.1132640125448696,-1.2909944487358056,-0.34192736340683294,-0.7343793195893167,-0.4426341938318415,-1.0963749958685949,-0.31418536941100766,3.435112807463534,-0.3362193900727166,-0.32897584747988445,-0.3779644730092272,-0.37118429085533483,-0.31418536941100766,-0.343371417172432,-0.3216337604513384,-0.3846843677357699,-0.30662207033593325,-0.3643396256679452,-0.35043832202523123,-0.291111254869791,-0.291111254869791,-0.4110350005650343,-0.26670153189093365,-0.2989342772712082,-0.6988362419217079,0.9616714772078809,5.39
-0.7893502179206199,0.34707610963910407,1.3885598958441991,1.1819770119572703,0.793060985525275,0.7745966692414834,-0.34192736340683294,2.7687468757187284,-0.4426341938318415,0.5093000552890727,-0.31418536941100766,-0.291111254869791,-0.3362193900727166,3.0397368307141326,-0.3779644730092272,-0.37118429085533483,-0.31418536941100766,-0.343371417172432,-0.3216337604513384,-0.3846843677357699,-0.30662207033593325,-0.3643396256679452,-0.35043832202523123,-0.291111254869791,-0.291111254869791,-0.4110350005650343,-0.26670153189093365,-0.2989342772712082,1.4309504001254019,-1.039856150151611,2.21
-0.4863912137411916,0.9081363151737365,1.3787160253128499,0.7798180463253767,-0.16010151350979732,0.7745966692414834,1.6937332187361724,-0.7343793195893167,-0.4426341938318415,0.42901630273118935,-0.31418536941100766,-0.291111254869791,-0.3362193900727166,-0.32897584747988445,-0.3779644730092272,-0.37118429085533483,-0.31418536941100766,2.9122983160180347,-0.3216337604513384,-0.3846843677357699,-0.30662207033593325,-0.3643396256679452,-0.35043832202523123,-0.291111254869791,-0.291111254869791,-0.4110350005650343,-0.26670153189093365,-0.2989342772712082,-0.6988362419217079,0.9616714772078809,5.24
1.02840380715595,-1.1266994831437962,0.8353343719823773,0.8182597121578367,-0.16010151350979732,0.7745966692414834,-0.34192736340683294,-0.7343793195893167,-0.4426341938318415,-0.3738212228476445,-0.31418536941100766,-0.291111254869791,-0.3362193900727166,3.0397368307141326,-0.3779644730092272,-0.37118429085533483,-0.31418536941100766,-0.343371417172432,-0.3216337604513384,-0.3846843677357699,-0.30662207033593325,-0.3643396256679452,-0.35043832202523123,-0.291111254869791,-0.291111254869791,2.43288284118223,-0.26670153189093365,-0.2989342772712082,-0.6988362419217079,0.9616714772078809,7.73
1.3313628113353784,-1.0674850432513567,0.030105762518017287,1.1050936802923497,0.793060985525275,0.7745966692414834,-0.34192736340683294,2.7687468757187284,1.477948070930047,1.5529888385415567,-0.31418536941100766,-0.291111254869791,-0.3362193900727166,-0.32897584747988445,-0.3779644730092272,-0.37118429085533483,-0.31418536941100766,2.9122983160180347,-0.3216337604513384,-0.3846843677357699,-0.30662207033593325,-0.3643396256679452,-0.35043832202523123,3.435112807463534,-0.291111254869791,-0.4110350005650343,-0.26670153189093365,-0.2989342772712082,-0.6988362419217079,0.9616714772078809,9.07
1.3313628113353784,-1.1656157008488501,-1.4760064287784016,0.36583087582195656,0.793060985525275,0.7745966692414834,-1.3597576544783356,-0.7343793195893167,1.477948070930047,0.5895838078469561,-0.31418536941100766,3.435112807463534,-0.3362193900727166,-0.32897584747988445,-0.3779644730092272,-0.37118429085533483,-0.31418536941100766,-0.343371417172432,-0.3216337604513384,-0.3846843677357699,-0.30662207033593325,-0.3643396256679452,-0.35043832202523123,3.435112807463534,-0.291111254869791,-0.4110350005650343,-0.26670153189093365,-0.2989342772712082,1.4309504001254019,-1.039856150151611,9.33
0.11952679461766508,0.41011171018364134,-0.8794678745786436,-0.11912552391062152,-1.1132640125448696,-1.2909944487358056,-0.34192736340683294,-0.7343793195893167,-0.4426341938318415,0.8304350655206063,-0.31418536941100766,-0.291111254869791,-0.3362193900727166,-0.32897584747988445,-0.3779644730092272,-0.37118429085533483,-0.31418536941100766,2.9122983160180347,-0.3216337604513384,-0.3846843677357699,3.261343839027654,-0.3643396256679452,-0.35043832202523123,-0.291111254869791,-0.291111254869791,-0.4110350005650343,-0.26670153189093365,-0.2989342772712082,-0.6988362419217079,0.9616714772078809,4.83
-1.3952682262794767,0.992174749089734,0.6561759283118228,0.49889818062662733,0.793060985525275,0.7745966692414834,-0.34192736340683294,-0.7343793195893167,-0.4426341938318415,-0.4541049754055279,-0.31418536941100766,-0.291111254869791,-0.3362193900727166,-0.32897584747988445,2.6457513110645903,-0.37118429085533483,-0.31418536941100766,-0.343371417172432,-0.3216337604513384,-0.3846843677357699,-0.30662207033593325,-0.3643396256679452,-0.35043832202523123,-0.291111254869791,-0.291111254869791,2.43288284118223,-0.26670153189093365,-0.2989342772712082,1.4309504001254019,-1.039856150151611,1.2
-1.0923092221000483,0.5345297850331557,0.4100791650280942,1.6787616165613748,0.793060985525275,0.7745966692414834,1.6937332187361724,0.43332941218003157,-0.4426341938318415,-1.2569425009843618,3.182834394468034,-0.291111254869791,-0.3362193900727166,-0.32897584747988445,-0.3779644730092272,-0.37118429085533483,-0.31418536941100766,-0.343371417172432,-0.3216337604513384,-0.3846843677357699,-0.30662207033593325,-0.3643396256679452,-0.35043832202523123,-0.291111254869791,3.435112807463534,-0.4110350005650343,-0.26670153189093365,-0.2989342772712082,1.4309504001254019,-1.039856150151611,2.62
-0.7893502179206199,1.3629628344940155,-0.21795977487198112,0.16475139300600927,0.793060985525275,-1.2909944487358056,0.6759029276646698,-0.7343793195893167,-0.4426341938318415,0.7501513129627229,3.182834394468034,-0.291111254869791,-0.3362193900727166,-0.32897584747988445,-0.3779644730092272,-0.37118429085533483,-0.31418536941100766,-0.343371417172432,-0.3216337604513384,-0.3846843677357699,-0.30662207033593325,-0.3643396256679452,-0.35043832202523123,-0.291111254869791,-0.291111254869791,-0.4110350005650343,-0.26670153189093365,-0.2989342772712082,-0.6988362419217079,0.9616714772078809,2.74
-1.698227230458905,0.6419287897442483,0.09704408213119146,0.3066898514643251,-1.1132640125448696,-1.2909944487358056,-0.34192736340683294,-0.7343793195893167,-0.4426341938318415,-0.4541049754055279,-0.31418536941100766,3.435112807463534,-0.3362193900727166,-0.32897584747988445,-0.3779644730092272,-0.37118429085533483,-0.31418536941100766,-0.343371417172432,-0.3216337604513384,-0.3846843677357699,-0.30662207033593325,2.7446918466985206,-0.35043832202523123,-0.291111254869791,-0.291111254869791,-0.4110350005650343,-0.26670153189093365,-0.2989342772712082,1.4309504001254019,-1.039856150151611,1.2
-1.698227230458905,0.7555337929612304,-0.49555692385602695,-0.5745114114643839,0.793060985525275,-1.2909944487358056,1.6937332187361724,-0.7343793195893167,1.477948070930047,1.7135563436573236,-0.31418536941100766,-0.291111254869791,-0.3362193900727166,3.0397368307141326,-0.3779644730092272,-0.37118429085533483,-0.31418536941100766,-0.343371417172432,-0.3216337604513384,-0.3846843677357699,-0.30662207033593325,2.7446918466985206,-0.35043832202523123,-0.291111254869791,-0.291111254869791,-0.4110350005650343,-0.26670153189093365,-0.2989342772712082,-0.6988362419217079,0.9616714772078809,1.2
-1.698227230458905,2.169715539829497,2.189850957096019,1.5930071312428091,0.793060985525275,0.7745966692414834,0.6759029276646698,-0.7343793195893167,-0.4426341938318415,0.42901630273118935,-0.31418536941100766,-0.291111254869791,-0.3362193900727166,-0.32897584747988445,-0.3779644730092272,-0.37118429085533483,-0.31418536941100766,-0.343371417172432,3.1091263510296048,-0.3846843677357699,-0.30662207033593325,-0.3643396256679452,-0.35043832202523123,-0.291111254869791,3.435112807463534,-0.4110350005650343,-0.26670153189093365,-0.2989342772712082,1.4309504001254019,-1.039856150151611,1.2
-1.0923092221000483,2.201965051715997,-1.3263795967018948,-1.9229267668183807,-1.1132640125448696,0.7745966692414834,0.6759029276646698,0.43332941218003157,3.3985303356919356,-1.0963749958685949,-0.31418536941100766,-0.291111254869791,-0.3362193900727166,3.0397368307141326,-0.3779644730092272,-0.37118429085533483,-0.31418536941100766,-0.343371417172432,-0.3216337604513384,-0.3846843677357699,-0.30662207033593325,-0.3643396256679452,-0.35043832202523123,-0.291111254869791,-0.291111254869791,-0.4110350005650343,-0.26670153189093365,-0.2989342772712082,-0.6988362419217079,0.9616714772078809,1.2
0.7254448029765217,-0.21271037567816242,1.2960275128495171,0.6083090756882451,-1.1132640125448696,0.7745966692414834,-1.3597576544783356,1.60103814394938,-0.4426341938318415,0.42901630273118935,-0.31418536941100766,-0.291111254869791,-0.3362193900727166,-0.32897584747988445,2.6457513110645903,-0.37118429085533483,-0.31418536941100766,-0.343371417172432,-0.3216337604513384,-0.3846843677357699,-0.30662207033593325,-0.3643396256679452,-0.35043832202523123,3.435112807463534,-0.291111254869791,-0.4110350005650343,-0.26670153189093365,-0.2989342772712082,-0.6988362419217079,0.9616714772078809,5.97
-0.4863912137411916,0.10317223822859872,-0.34396131767325017,0.2859904929391536,-1.1132640125448696,-1.2909944487358056,1.6937332187361724,-0.7343793195893167,-0.4426341938318415,0.18816504505753917,3.182834394468034,-0.291111254869791,-0.3362193900727166,-0.32897584747988445,-0.3779644730092272,-0.37118429085533483,-0.31418536941100766,-0.343371417172432,-0.3216337604513384,-0.3846843677357699,-0.30662207033593325,-0.3643396256679452,-0.35043832202523123,-0.291111254869791,-0.291111254869791,2.43288284118223,-0.26670153189093365,-0.2989342772712082,-0.6988362419217079,0.9616714772078809,4.88
0.4224857987970934,-0.5143923641828008,-0.6471525300388038,-1.0446825551075536,0.793060985525275,-1.2909944487358056,-0.34192736340683294,-0.7343793195893167,-0.4426341938318415,1.1515700757521399,-0.31418536941100766,-0.291111254869791,-0.3362193900727166,-0.32897584747988445,-0.3779644730092272,-0.37118429085533483,-0.31418536941100766,-0.343371417172432,-0.3216337604513384,-0.3846843677357699,-0.30662207033593325,-0.3643396256679452,2.853569193634026,-0.291111254869791,-0.291111254869791,-0.4110350005650343,-0.26670153189093365,-0.2989342772712082,1.4309504001254019,-1.039856150151611,5.91
0.11952679461766508,0.26962308025119025,-1.310629403851736,0.36287382460407513,0.793060985525275,0.7745966692414834,-0.34192736340683294,-0.7343793195893167,1.477948070930047,-1.2569425009843618,-0.31418536941100766,-0.291111254869791,-0.3362193900727166,-0.32897584747988445,2.6457513110645903,-0.37118429085533483,-0.31418536941100766,-0.343371417172432,-0.3216337604513384,-0.3846843677357699,-0.30662207033593325,-0.3643396256679452,2.853569193634026,-0.291111254869791,-0.291111254869791,-0.4110350005650343,-0.26670153189093365,-0.2989342772712082,1.4309504001254019,-1.039856150151611,2.64
0.11952679461766508,0.061003968904738026,-0.3597115105234088,-0.18418065070401576,0.793060985525275,0.7745966692414834,-1.3597576544783356,1.60103814394938,-0.4426341938318415,-0.8555237381949448,-0.31418536941100766,-0.291111254869791,-0.3362193900727166,-0.32897584747988445,-0.3779644730092272,-0.37118429085533483,-0.31418536941100766,2.9122983160180347,-0.3216337604513384,2.599533757729597,-0.30662207033593325,-0.3643396256679452,-0.35043832202523123,-0.291111254869791,-0.291111254869791,-0.4110350005650343,-0.26670153189093365,-0.2989342772712082,-0.6988362419217079,0.9616714772078809,3.92
-1.698227230458905,2.284702664984472,0.860928435363885,0.9099282999121661,-1.1132640125448696,-1.2909944487358056,-2.3775879455498385,1.60103814394938,-0.4426341938318415,0.991002570636373,-0.31418536941100766,-0.291111254869791,2.9742484506432625,-0.32897584747988445,-0.3779644730092272,-0.37118429085533483,-0.31418536941100766,-0.343371417172432,-0.3216337604513384,-0.3846843677357699,3.261343839027654,-0.3643396256679452,-0.35043832202523123,-0.291111254869791,-0.291111254869791,-0.4110350005650343,-0.26670153189093365,-0.2989342772712082,1.4309504001254019,-1.039856150151611,1.2
0.4224857987970934,-0.2125477730972221,0.4533921953660305,0.4427142074868773,0.793060985525275,0.7745966692414834,0.6759029276646698,-0.7343793195893167,1.477948070930047,-0.6146724805212946,-0.31418536941100766,-0.291111254869791,-0.3362193900727166,-0.32897584747988445,-0.3779644730092272,-0.37118429085533483,-0.31418536941100766,2.9122983160180347,-0.3216337604513384,-0.3846843677357699,-0.30662207033593325,-0.3643396256679452,2.853569193634026,-0.291111254869791,-0.291111254869791,-0.4110350005650343,-0.26670153189093365,-0.2989342772712082,-0.6988362419217079,0.9616714772078809,5.51
-0.18343220956176326,0.5413861938628066,1.2960275128495171,1.3268725216334676,-2.0664265115799423,0.7745966692414834,0.6759029276646698,-0.7343793195893167,-0.4426341938318415,1.39242133342579,-0.31418536941100766,-0.291111254869791,-0.3362193900727166,-0.32897584747988445,-0.3779644730092272,-0.37118429085533483,-0.31418536941100766,-0.343371417172432,-0.3216337604513384,-0.3846843677357699,-0.30662207033593325,-0.3643396256679452,-0.35043832202523123,-0.291111254869791,-0.291111254869791,-0.4110350005650343,3.7495097718784205,-0.2989342772712082,-0.6988362419217079,0.9616714772078809,5.09
-1.698227230458905,0.8093281468223251,0.41204793913436405,0.7946033024147846,0.793060985525275,-1.2909944487358056,-0.34192736340683294,-0.7343793195893167,-0.4426341938318415,1.0712863231942564,-0.31418536941100766,-0.291111254869791,-0.3362193900727166,-0.32897584747988445,-0.3779644730092272,-0.37118429085533483,-0.31418536941100766,-0.343371417172432,3.1091263510296048,-0.3846843677357699,-0.30662207033593325,-0.3643396256679452,-0.35043832202523123,-0.291111254869791,-0.291111254869791,-0.4110350005650343,-0.26670153189093365,3.3452169123206628,-0.6988362419217079,-1.039856150151611,1.2
0.11952679461766508,-0.2289706337721961,-0.863717681728485,-0.6011248724253182,0.793060985525275,-1.2909944487358056,0.6759029276646698,-0.7343793195893167,1.477948070930047,0.027597539941772414,-0.31418536941100766,-0.291111254869791,-0.3362193900727166,-0.32897584747988445,-0.3779644730092272,2.6940795304016234,-0.31418536941100766,-0.343371417172432,-0.3216337604513384,-0.3846843677357699,-0.30662207033593325,-0.3643396256679452,2.853569193634026,-0.291111254869791,-0.291111254869791,-0.4110350005650343,-0.26670153189093365,-0.2989342772712082,-0.6988362419217079,0.9616714772078809,6.32
0.7254448029765217,-1.3425002084817799,-1.4208807538028465,-0.3645607749947924,0.793060985525275,0.7745966692414834,-0.34192736340683294,-0.7343793195893167,-0.4426341938318415,-0.2935374702897611,3.182834394468034,-0.291111254869791,-0.3362193900727166,-0.32897584747988445,-0.3779644730092272,-0.37118429085533483,-0.31418536941100766,-0.343371417172432,-0.3216337604513384,-0.3846843677357699,-0.30662207033593325,-0.3643396256679452,-0.35043832202523123,3.435112807463534,-0.291111254869791,-0.4110350005650343,-0.26670153189093365,-0.2989342772712082,-0.6988362419217079,0.9616714772078809,6.39
-1.0923092221000483,1.1963493898904838,0.2899839445456347,0.995682785230731,0.793060985525275,0.7745966692414834,-0.34192736340683294,-0.7343793195893167,3.3985303356919356,-0.13296996517399434,-0.31418536941100766,-0.291111254869791,-0.3362193900727166,-0.32897584747988445,-0.3779644730092272,-0.37118429085533483,-0.31418536941100766,-0.343371417172432,-0.3216337604513384,-0.3846843677357699,3.261343839027654,-0.3643396256679452,-0.35043832202523123,-0.291111254869791,-0.291111254869791,-0.4110350005650343,-0.26670153189093365,-0.2989342772712082,-0.6988362419217079,0.9616714772078809,1.2
-0.7893502179206199,1.8496594596786007,0.941648173720948,0.8123456097220738,0.793060985525275,0.7745966692414834,-1.3597576544783356,1.60103814394938,3.3985303356919356,-0.6949562330791781,-0.31418536941100766,-0.291111254869791,-0.3362193900727166,-0.32897584747988445,-0.3779644730092272,2.6940795304016234,-0.31418536941100766,-0.343371417172432,-0.3216337604513384,2.599533757729597,-0.30662207033593325,-0.3643396256679452,-0.35043832202523123,-0.291111254869791,-0.291111254869791,-0.4110350005650343,-0.26670153189093365,-0.2989342772712082,-0.6988362419217079,0.9616714772078809,1.2
0.11952679461766508,-0.9721728303901626,-0.8952180674288022,-0.46214346518488375,-1.1132640125448696,0.7745966692414834,-0.34192736340683294,-0.7343793195893167,-0.4426341938318415,-1.5780775112158953,-0.31418536941100766,-0.291111254869791,2.9742484506432625,-0.32897584747988445,-0.3779644730092272,-0.37118429085533483,-0.31418536941100766,-0.343371417172432,-0.3216337604513384,-0.3846843677357699,-0.30662207033593325,2.7446918466985206,-0.35043832202523123,-0.291111254869791,-0.291111254869791,-0.4110350005650343,-0.26670153189093365,-0.2989342772712082,1.4309504001254019,-1.039856150151611,4.27
-0.18343220956176326,1.407407539951041,-0.0447076535202362,0.4072295928722987,-1.1132640125448696,-1.2909944487358056,0.6759029276646698,-0.7343793195893167,-0.4426341938318415,-1.4175100061001285,3.182834394468034,-0.291111254869791,-0.3362193900727166,-0.32897584747988445,-0.3779644730092272,-0.37118429085533483,-0.31418536941100766,-0.343371417172432,-0.3216337604513384,-0.3846843677357699,-0.30662207033593325,2.7446918466985206,-0.35043832202523123,-0.291111254869791,-0.291111254869791,-0.4110350005650343,-0.26670153189093365,-0.2989342772712082,1.4309504001254019,-1.039856150151611,3.68
-1.0923092221000483,0.15338933530900611,0.23288949546380963,-1.1156517843367115,-1.1132640125448696,-1.2909944487358056,0.6759029276646698,0.43332941218003157,-0.4426341938318415,-1.2569425009843618,-0.31418536941100766,-0.291111254869791,-0.3362193900727166,-0.32897584747988445,-0.3779644730092272,-0.37118429085533483,-0.31418536941100766,-0.343371417172432,3.1091263510296048,-0.3846843677357699,-0.30662207033593325,-0.3643396256679452,-0.35043832202523123,-0.291111254869791,-0.291111254869791,2.43288284118223,-0.26670153189093365,-0.2989342772712082,1.4309504001254019,-1.039856150151611,2.06
-0.4863912137411916,0.41832314052112834,-1.4760064287784016,-2.653318417635129,0.793060985525275,0.7745966692414834,1.6937332187361724,1.60103814394938,-0.4426341938318415,-1.6583612637737786,3.182834394468034,-0.291111254869791,-0.3362193900727166,-0.32897584747988445,-0.3779644730092272,-0.37118429085533483,-0.31418536941100766,-0.343371417172432,-0.3216337604513384,-0.3846843677357699,-0.30662207033593325,2.7446918466985206,-0.35043832202523123,-0.291111254869791,-0.291111254869791,-0.4110350005650343,-0.26670153189093365,-0.2989342772712082,-0.6988362419217079,0.9616714772078809,2.71
0.4224857987970934,-1.017105343590009,0.6896450881184099,1.226332780225494,0.793060985525275,-1.2909944487358056,0.6759029276646698,-0.7343793195893167,-0.4426341938318415,0.6698675604048395,3.182834394468034,-0.291111254869791,-0.3362193900727166,-0.32897584747988445,-0.3779644730092272,-0.37118429085533483,-0.31418536941100766,-0.343371417172432,-0.3216337604513384,-0.3846843677357699,-0.30662207033593325,-0.3643396256679452,-0.35043832202523123,-0.291111254869791,-0.291111254869791,-0.4110350005650343,-0.26670153189093365,-0.2989342772712082,1.4309504001254019,-1.039856150151611,7.4
0.7254448029765217,-0.016774265645056456,0.9278667549770592,1.3623571362480462,0.793060985525275,0.7745966692414834,1.6937332187361724,-0.7343793195893167,-0.4426341938318415,0.991002570636373,-0.31418536941100766,3.435112807463534,-0.3362193900727166,-0.32897584747988445,-0.3779644730092272,-0.37118429085533483,-0.31418536941100766,-0.343371417172432,-0.3216337604513384,-0.3846843677357699,-0.30662207033593325,-0.3643396256679452,-0.35043832202523123,-0.291111254869791,3.435112807463534,-0.4110350005650343,-0.26670153189093365,-0.2989342772712082,-0.6988362419217079,0.9616714772078809,8.77
1.3313628113353784,-1.8630994717924252,-0.19630325970301302,-1.5237248524043685,-0.16010151350979732,0.7745966692414834,0.6759029276646698,1.60103814394938,-0.4426341938318415,-0.6146724805212946,-0.31418536941100766,-0.291111254869791,-0.3362193900727166,-0.32897584747988445,-0.3779644730092272,2.6940795304016234,-0.31418536941100766,-0.343371417172432,-0.3216337604513384,-0.3846843677357699,3.261343839027654,-0.3643396256679452,-0.35043832202523123,-0.291111254869791,-0.291111254869791,-0.4110350005650343,-0.26670153189093365,-0.2989342772712082,-0.6988362419217079,0.9616714772078809,10.04
-1.3952682262794767,0.7787046607452284,0.40220406860301494,0.6585789463922324,0.793060985525275,0.7745966692414834,-0.34192736340683294,-0.7343793195893167,-0.4426341938318415,-0.13296996517399434,-0.31418536941100766,-0.291111254869791,-0.3362193900727166,-0.32897584747988445,-0.3779644730092272,-0.37118429085533483,-0.31418536941100766,-0.343371417172432,-0.3216337604513384,-0.3846843677357699,-0.30662207033593325,-0.3643396256679452,-0.35043832202523123,-0.291111254869791,-0.291111254869791,-0.4110350005650343,-0.26670153189093365,3.3452169123206628,1.4309504001254019,-1.039856150151611,1.2
0.4224857987970934,-0.2849330220458287,0.5144241926603952,0.5935238195988373,-2.0664265115799423,0.7745966692414834,-0.34192736340683294,-0.7343793195893167,-0.4426341938318415,1.3121375808679065,-0.31418536941100766,-0.291111254869791,2.9742484506432625,-0.32897584747988445,-0.3779644730092272,-0.37118429085533483,-0.31418536941100766,-0.343371417172432,-0.3216337604513384,2.599533757729597,-0.30662207033593325,-0.3643396256679452,-0.35043832202523123,-0.291111254869791,-0.291111254869791,-0.4110350005650343,-0.26670153189093365,-0.2989342772712082,-0.6988362419217079,0.9616714772078809,5.95
1.3313628113353784,-0.3226568208239869,1.3984037663755482,-0.24627872627952946,-0.16010151350979732,-1.2909944487358056,0.6759029276646698,1.60103814394938,-0.4426341938318415,0.6698675604048395,-0.31418536941100766,-0.291111254869791,-0.3362193900727166,-0.32897584747988445,2.6457513110645903,-0.37118429085533483,-0.31418536941100766,-0.343371417172432,-0.3216337604513384,-0.3846843677357699,-0.30662207033593325,-0.3643396256679452,-0.35043832202523123,-0.291111254869791,-0.291111254869791,-0.4110350005650343,-0.26670153189093365,-0.2989342772712082,-0.6988362419217079,-1.039856150151611,8.66
-0.7893502179206199,0.5994624156886637,-0.357742736417139,-1.5739947231083553,0.793060985525275,0.7745966692414834,0.6759029276646698,-0.7343793195893167,-0.4426341938318415,1.0712863231942564,-0.31418536941100766,-0.291111254869791,-0.3362193900727166,-0.32897584747988445,-0.3779644730092272,-0.37118429085533483,-0.31418536941100766,-0.343371417172432,-0.3216337604513384,-0.3846843677357699,-0.30662207033593325,-0.3643396256679452,2.853569193634026,-0.291111254869791,-0.291111254869791,-0.4110350005650343,-0.26670153189093365,-0.2989342772712082,-0.6988362419217079,-1.039856150151611,1.68
1.02840380715595,-1.4562136134193888,0.860928435363885,0.4752417708835744,0.793060985525275,-1.2909944487358056,0.6759029276646698,-0.7343793195893167,-0.4426341938318415,0.42901630273118935,3.182834394468034,-0.291111254869791,-0.3362193900727166,-0.32897584747988445,-0.3779644730092272,-0.37118429085533483,-0.31418536941100766,-0.343371417172432,-0.3216337604513384,-0.3846843677357699,-0.30662207033593325,-0.3643396256679452,-0.35043832202523123,-0.291111254869791,-0.291111254869791,-0.4110350005650343,-0.26670153189093365,-0.2989342772712082,1.4309504001254019,-1.039856150151611,6.92
0.4224857987970934,-0.25650467081142647,-0.3951494444362657,0.3362603636431408,-1.1132640125448696,0.7745966692414834,0.6759029276646698,-0.7343793195893167,-0.4426341938318415,-0.4541049754055279,-0.31418536941100766,-0.291111254869791,-0.3362193900727166,-0.32897584747988445,-0.3779644730092272,-0.37118429085533483,3.182834394468034,-0.343371417172432,-0.3216337604513384,2.599533757729597,-0.30662207033593325,-0.3643396256679452,-0.35043832202523123,-0.291111254869791,-0.291111254869791,-0.4110350005650343,-0.26670153189093365,-0.2989342772712082,-0.6988362419217079,-1.039856150151611,6.23
1.3313628113353784,-1.670984522411417,-0.7239347201833272,-0.8554312771631333,-0.16010151350979732,-1.2909944487358056,0.6759029276646698,-0.7343793195893167,-0.4426341938318415,-1.0160912433107117,-0.31418536941100766,-0.291111254869791,-0.3362193900727166,-0.32897584747988445,-0.3779644730092272,-0.37118429085533483,-0.31418536941100766,-0.343371417172432,-0.3216337604513384,-0.3846843677357699,-0.30662207033593325,-0.3643396256679452,-0.35043832202523123,-0.291111254869791,3.435112807463534,-0.4110350005650343,-0.26670153189093365,-0.2989342772712082,-0.6988362419217079,-1.039856150151611,10.2
0.7254448029765217,-1.966081106387972,4.273475010414539,4.335704591381146,0.793060985525275,-1.2909944487358056,-0.34192736340683294,-0.7343793195893167,-0.4426341938318415,-0.6146724805212946,-0.31418536941100766,-0.291111254869791,-0.3362193900727166,-0.32897584747988445,-0.3779644730092272,2.6940795304016234,-0.31418536941100766,-0.343371417172432,-0.3216337604513384,-0.3846843677357699,-0.30662207033593325,-0.3643396256679452,2.853569193634026,-0.291111254869791,-0.291111254869791,-0.4110350005650343,-0.26670153189093365,-0.2989342772712082,-0.6988362419217079,0.9616714772078809,18.400065852861424
0.4224857987970934,0.5431477218229936,-0.2356787418284096,-2.1180921471985643,-1.1132640125448696,-1.2909944487358056,1.6937332187361724,0.43332941218003157,-0.4426341938318415,0.26844879761542256,-0.31418536941100766,-0.291111254869791,-0.3362193900727166,-0.32897584747988445,2.6457513110645903,-0.37118429085533483,-0.31418536941100766,-0.343371417172432,-0.3216337604513384,-0.3846843677357699,-0.30662207033593325,-0.3643396256679452,-0.35043832202523123,-0.291111254869791,3.435112807463534,-0.4110350005650343,-0.26670153189093365,-0.2989342772712082,-0.6988362419217079,0.9616714772078809,5.57
-0.4863912137411916,-0.3795677241531048,1.1660884218357084,1.5190808507957698,0.793060985525275,-1.2909944487358056,-0.34192736340683294,-0.7343793195893167,-0.4426341938318415,0.027597539941772414,-0.31418536941100766,-0.291111254869791,-0.3362193900727166,-0.32897584747988445,-0.3779644730092272,-0.37118429085533483,-0.31418536941100766,-0.343371417172432,3.1091263510296048,-0.3846843677357699,-0.30662207033593325,-0.3643396256679452,2.853569193634026,-0.291111254869791,-0.291111254869791,-0.4110350005650343,-0.26670153189093365,-0.2989342772712082,-0.6988362419217079,0.9616714772078809,4.23
-0.18343220956176326,0.013090408387652087,-0.5880893068507089,0.5994379220346009,0.793060985525275,0.7745966692414834,-0.34192736340683294,-0.7343793195893167,-0.4426341938318415,-0.7752399856370614,3.182834394468034,-0.291111254869791,-0.3362193900727166,-0.32897584747988445,-0.3779644730092272,-0.37118429085533483,-0.31418536941100766,-0.343371417172432,-0.3216337604513384,-0.3846843677357699,3.261343839027654,-0.3643396256679452,-0.35043832202523123,-0.291111254869791,-0.291111254869791,-0.4110350005650343,-0.26670153189093365,-0.2989342772712082,-0.6988362419217079,0.9616714772078809,3.49
-0.7893502179206199,0.7217666569859538,1.0755248129472963,0.9099282999121661,-1.1132640125448696,-1.2909944487358056,1.6937332187361724,-0.7343793195893167,-0.4426341938318415,1.5529888385415567,-0.31418536941100766,-0.291111254869791,2.9742484506432625,-0.32897584747988445,-0.3779644730092272,-0.37118429085533483,-0.31418536941100766,-0.343371417172432,-0.3216337604513384,-0.3846843677357699,-0.30662207033593325,2.7446918466985206,-0.35043832202523123,-0.291111254869791,-0.291111254869791,-0.4110350005650343,-0.26670153189093365,-0.2989342772712082,-0.6988362419217079,0.9616714772078809,3.36
1.6343218155148067,-0.4528472872968833,0.15610730531928632,0.1233526759556671,0.793060985525275,0.7745966692414834,-0.34192736340683294,0.43332941218003157,-0.4426341938318415,0.34873255017330596,-0.31418536941100766,-0.291111254869791,-0.3362193900727166,-0.32897584747988445,2.6457513110645903,-0.37118429085533483,-0.31418536941100766,-0.343371417172432,-0.3216337604513384,-0.3846843677357699,-0.30662207033593325,-0.3643396256679452,2.853569193634026,-0.291111254869791,-0.291111254869791,-0.4110350005650343,-0.26670153189093365,-0.2989342772712082,1.4309504001254019,-1.039856150151611,7.57
1.6343218155148067,-1.8630994717924252,-1.115720767331023,-1.5296389548401317,0.793060985525275,-1.2909944487358056,-0.34192736340683294,-0.7343793195893167,-0.4426341938318415,1.0712863231942564,-0.31418536941100766,-0.291111254869791,-0.3362193900727166,-0.32897584747988445,-0.3779644730092272,-0.37118429085533483,-0.31418536941100766,-0.343371417172432,3.1091263510296048,-0.3846843677357699,-0.30662207033593325,-0.3643396256679452,-0.35043832202523123,-0.291111254869791,-0.291111254869791,-0.4110350005650343,-0.26670153189093365,3.3452169123206628,-0.6988362419217079,-1.039856150151611,9.18
0.11952679461766508,-0.06577184336841131,-0.16480287400269575,-1.6420069011196314,-1.1132640125448696,0.7745966692414834,1.6937332187361724,0.43332941218003157,-0.4426341938318415,1.6332725910994401,-0.31418536941100766,-0.291111254869791,-0.3362193900727166,-0.32897584747988445,-0.3779644730092272,-0.37118429085533483,-0.31418536941100766,-0.343371417172432,-0.3216337604513384,-0.3846843677357699,-0.30662207033593325,-0.3643396256679452,-0.35043832202523123,-0.291111254869791,-0.291111254869791,-0.4110350005650343,-0.26670153189093365,-0.2989342772712082,-0.6988362419217079,0.9616714772078809,5.57
1.3313628113353784,-0.7410332615834737,-0.042738879413966376,-0.33499026281597666,0.793060985525275,-1.2909944487358056,-1.3597576544783356,1.60103814394938,-0.4426341938318415,0.9107188180784896,-0.31418536941100766,-0.291111254869791,-0.3362193900727166,-0.32897584747988445,-0.3779644730092272,-0.37118429085533483,-0.31418536941100766,2.9122983160180347,-0.3216337604513384,-0.3846843677357699,-0.30662207033593325,-0.3643396256679452,-0.35043832202523123,-0.291111254869791,-0.291111254869791,2.43288284118223,-0.26670153189093365,-0.2989342772712082,-0.6988362419217079,0.9616714772078809,7.97
-1.3952682262794767,-1.9728562139271526,4.273475010414539,4.335704591381146,0.793060985525275,0.7745966692414834,-2.3775879455498385,0.43332941218003157,-0.4426341938318415,-1.497793758658012,-0.31418536941100766,-0.291111254869791,-0.3362193900727166,-0.32897584747988445,2.6457513110645903,-0.37118429085533483,-0.31418536941100766,-0.343371417172432,-0.3216337604513384,-0.3846843677357699,-0.30662207033593325,-0.3643396256679452,2.853569193634026,-0.291111254869791,-0.291111254869791,-0.4110350005650343,-0.26670153189093365,-0.2989342772712082,-0.6988362419217079,0.9616714772078809,18.400065852861424
1.02840380715595,-0.9338799225787132,1.15033822898555,1.527952004449414,0.793060985525275,0.7745966692414834,-0.34192736340683294,0.43332941218003157,-0.4426341938318415,-0.4541049754055279,-0.31418536941100766,-0.291111254869791,-0.3362193900727166,-0.32897584747988445,2.6457513110645903,-0.37118429085533483,-0.31418536941100766,-0.343371417172432,-0.3216337604513384,-0.3846843677357699,-0.30662207033593325,-0.3643396256679452,-0.35043832202523123,-0.291111254869791,-0.291111254869791,2.43288284118223,-0.26670153189093365,-0.2989342772712082,1.4309504001254019,-1.039856150151611,7.12
1.6343218155148067,-1.653206640228607,-0.3616802846296786,-0.003800526413240019,-1.1132640125448696,0.7745966692414834,-0.34192736340683294,-0.7343793195893167,-0.4426341938318415,-0.8555237381949448,-0.31418536941100766,-0.291111254869791,2.9742484506432625,-0.32897584747988445,-0.3779644730092272,-0.37118429085533483,-0.31418536941100766,-0.343371417172432,-0.3216337604513384,-0.3846843677357699,-0.30662207033593325,-0.3643396256679452,2.853569193634026,-0.291111254869791,-0.291111254869791,-0.4110350005650343,-0.26670153189093365,-0.2989342772712082,1.4309504001254019,-1.039856150151611,9.07
-1.0923092221000483,-0.07980986618959372,-0.4227122819240433,-0.8051614064591465,0.793060985525275,-1.2909944487358056,1.6937332187361724,-0.7343793195893167,1.477948070930047,1.3121375808679065,-0.31418536941100766,-0.291111254869791,-0.3362193900727166,-0.32897584747988445,-0.3779644730092272,-0.37118429085533483,3.182834394468034,-0.343371417172432,-0.3216337604513384,-0.3846843677357699,-0.30662207033593325,-0.3643396256679452,-0.35043832202523123,-0.291111254869791,-0.291111254869791,-0.4110350005650343,-0.26670153189093365,-0.2989342772712082,1.4309504001254019,-1.039856150151611,2.27
1.02840380715595,-0.8781614381764912,0.35101594183999935,-0.01858578250264788,0.793060985525275,-1.2909944487358056,1.6937332187361724,-0.7343793195893167,-0.4426341938318415,0.10788129249965579,-0.31418536941100766,-0.291111254869791,-0.3362193900727166,-0.32897584747988445,-0.3779644730092272,-0.37118429085533483,-0.31418536941100766,2.9122983160180347,-0.3216337604513384,-0.3846843677357699,-0.30662207033593325,-0.3643396256679452,-0.35043832202523123,-0.291111254869791,-0.291111254869791,-0.4110350005650343,3.7495097718784205,-0.2989342772712082,-0.6988362419217079,-1.039856150151611,9.31
